event_id,mapping,sample_id,dataset,workbook_row,component,human_time_seconds,annotation_note,error_description,available,used_links,source_fps,frame_count,duration_seconds,surge_time_seconds,surge_distance_seconds,top2_surge_times_seconds,top2_surge_distance_seconds,surge_magnitude_percent,peak_time_seconds,peak_distance_seconds,peak_rigidity_percent,local_increase_percentile,surge_within_0_25s,surge_within_0_5s,surge_within_1_0s,top2_surge_within_0_25s,top2_surge_within_0_5s,top2_surge_within_1_0s,peak_within_0_25s,peak_within_0_5s,peak_within_1_0s
event_001,recommended,LVP_ROBOWM_0011,LVP_ROBOWM,7,forearm,3.0,minor gripper finger and forearm deformation at sec3,"The gripper only contacts the middle of the cup without forming a valid grasp, but the cup is still lifted as if it were stuck to the gripper. Also the cup deforms unnaturally.",True,"link4,link5",16.0,49,3.0625,1.125,1.875,"1.125,1.875",1.125,1.511684893166403,0.0625,2.9375,2.7544698085423662,0.7777777777777778,False,False,False,False,False,False,False,False,False
event_002,recommended,LVP_ROBOWM_0011,LVP_ROBOWM,7,gripper,3.0,minor gripper finger and forearm deformation at sec3,"The gripper only contacts the middle of the cup without forming a valid grasp, but the cup is still lifted as if it were stuck to the gripper. Also the cup deforms unnaturally.",True,link7,16.0,49,3.0625,2.25,0.75,"2.25,1.25",0.75,7.835435052050322,2.25,0.75,24.758538586848665,0.4444444444444444,False,False,True,False,False,True,False,False,True
event_003,recommended,LVP_ROBOWM_0013,LVP_ROBOWM,8,forearm,1.0,forearm deformation at sec 1,The robot picks up the middle of the cup.,True,"link4,link5",16.0,49,3.0625,1.875,0.875,"1.875,2.25",0.875,5.313195947760179,1.9375,0.9375,8.281688981807525,0.7333333333333333,False,False,True,False,False,True,False,False,True
event_004,recommended,LVP_ROBOWM_0024,LVP_ROBOWM,13,gripper,2.0,minor gripper deformation at sec2,"The gripper geometry changes unnaturally during the motion: the black and white finger parts, which are initially together, separate later in the video. The yellow cube also deforms/changes shape unnaturally.",True,link7,16.0,49,3.0625,2.75,0.75,"2.75,1.1875",0.75,9.897923588751794,2.75,0.75,13.42956364817345,0.6666666666666666,False,False,True,False,False,True,False,False,True
event_005,recommended,LVP_ROBOWM_0025,LVP_ROBOWM,14,gripper,2.0,minor gripper deformation at sec2,Both the robot arm and the cube deform during the process.,True,link7,16.0,49,3.0625,2.875,0.875,"2.875,2.25",0.25,6.050241619928112,2.9375,0.9375,9.844919929196479,0.9111111111111111,False,False,True,True,True,True,False,False,True
event_006,recommended,LVP_ROBOWM_0033,LVP_ROBOWM,20,forearm,0.0,"gripper, forearm deform at sec0","The robot arm front-end changes thickness, and the cube deforms unnaturally. The intended action is to push the object away, but the robot instead moves it inward, indicating a wrong goal.",True,"link4,link5",16.0,49,3.0625,0.25,0.25,"0.25,0.75",0.25,3.4491109909338267,0.3125,0.3125,8.646623283301484,1.0,True,True,True,True,True,True,False,True,True
event_007,recommended,LVP_ROBOWM_0033,LVP_ROBOWM,20,gripper,0.0,"gripper, forearm deform at sec0","The robot arm front-end changes thickness, and the cube deforms unnaturally. The intended action is to push the object away, but the robot instead moves it inward, indicating a wrong goal.",True,link7,16.0,49,3.0625,2.75,2.75,"2.75,2.0625",2.0625,3.401844467974941,0.0625,0.0625,18.731743838339085,0.1111111111111111,False,False,False,False,False,False,True,True,True
event_008,recommended,LVP_ROBOWM_0040,LVP_ROBOWM,23,gripper,2.0,"minor deformation, gripper finger disappear at sec2","The contact point is incorrect, and the box deforms and moves in the wrong direction.",True,link7,16.0,49,3.0625,2.6875,0.6875,"2.6875,1.125",0.6875,0.827444194902422,0.0625,1.9375,6.821202831855074,0.9111111111111111,False,False,True,False,False,True,False,False,False
event_009,recommended,LVP_ROBOWM_0042,LVP_ROBOWM,24,forearm,1.0,"deformation at sec1, forearm deformation and gripper disappear",The box deforms during the process.,True,"link4,link5",16.0,49,3.0625,2.875,1.875,"2.875,1.1875",0.1875,0.8842587721382134,0.5625,0.4375,2.477298579262473,0.8888888888888888,False,False,False,True,True,True,False,True,True
event_010,recommended,LVP_ROBOWM_0042,LVP_ROBOWM,24,gripper,1.0,"deformation at sec1, forearm deformation and gripper disappear",The box deforms during the process.,False,,16.0,49,3.0625,,,,,,,,,,,,,,,,,,
event_011,recommended,LVP_ROBOWM_0043,LVP_ROBOWM,25,forearm,1.0,"deformation at sec1, forearm deformation and gripper finger",The robot does not close its gripper.,True,"link4,link5",16.0,49,3.0625,2.9375,1.9375,"2.9375,0.3125",0.6875,0.49328198968909653,0.3125,0.6875,2.966500886763913,0.4666666666666667,False,False,False,False,False,True,False,False,True
event_012,recommended,LVP_ROBOWM_0043,LVP_ROBOWM,25,gripper,1.0,"deformation at sec1, forearm deformation and gripper finger",The robot does not close its gripper.,True,link7,16.0,49,3.0625,0.4375,0.5625,"0.4375,2.4375",0.5625,3.4284663491053804,0.625,0.375,6.587255758005327,0.9555555555555556,False,False,True,False,False,True,False,True,True
event_013,recommended,LVP_ROBOWM_0046,LVP_ROBOWM,27,gripper,2.0,gripper finger disappear/deform at sec2,"The front-end changes its shape, and the robot arm bends unnaturally.",True,link7,16.0,49,3.0625,0.5625,1.4375,"0.5625,1.75",0.25,3.3627697581530223,0.75,1.25,9.858610483559573,0.9111111111111111,False,False,False,True,True,True,False,False,False
event_014,recommended,LVP_ROBOWM_0049,LVP_ROBOWM,29,forearm,1.0,gripper and forearm has severe deformation at sec1,"The robot front end deforms suddenly. The banana partially penetrates the drawer but is not successfully placed inside, so the task remains incomplete.",True,"link4,link5",16.0,49,3.0625,1.125,0.125,"1.125,0.875",0.125,6.4701102799040635,1.125,0.125,10.364532408073966,1.0,True,True,True,True,True,True,True,True,True
event_015,recommended,LVP_ROBOWM_0049,LVP_ROBOWM,29,gripper,1.0,gripper and forearm has severe deformation at sec1,"The robot front end deforms suddenly. The banana partially penetrates the drawer but is not successfully placed inside, so the task remains incomplete.",True,link7,16.0,49,3.0625,2.375,1.375,"2.375,3",1.375,19.85153129331331,0.375,0.625,42.17318792013761,0.7555555555555555,False,False,False,False,False,False,False,False,True
event_016,recommended,LVP_ROBOWM_0051,LVP_ROBOWM,30,gripper,1.0,gripper deform at sec1,The banana is lifted without a valid grasp and then penetrates through the drawer geometry instead of being placed through the opening. The robot subsequently closes the drawer. Moreover the robot arm bends unnaturally.,False,,16.0,49,3.0625,,,,,,,,,,,,,,,,,,
event_017,recommended,LVP_ROBOWM_0057,LVP_ROBOWM,32,forearm,2.0,"gripper deform at sec1, forearm deform at sec2","The robot picks up the cube but places it back on the table instead of putting it into the drawer. The cube deforms during the motion, and the robot arm also undergoes visible deformation before closing the drawer.",True,"link4,link5",16.0,49,3.0625,3.0,1.0,"3,2",0.0,4.243745360601608,3.0,1.0,5.725173338790235,0.9111111111111111,False,False,True,True,True,True,False,False,True
event_018,recommended,LVP_ROBOWM_0057,LVP_ROBOWM,32,gripper,1.0,"gripper deform at sec1, forearm deform at sec2","The robot picks up the cube but places it back on the table instead of putting it into the drawer. The cube deforms during the motion, and the robot arm also undergoes visible deformation before closing the drawer.",False,,16.0,49,3.0625,,,,,,,,,,,,,,,,,,
event_019,recommended,LVP_ROBOWM_0059,LVP_ROBOWM,33,forearm,2.0,"gripper deform at begin of sec1, forearm deform at end of sec 1","The robot arm bends unnaturally, and the gripper changes its shape and length after reaching the cup.",True,"link4,link5",16.0,49,3.0625,1.9375,0.0625,"1.9375,2.1875",0.0625,1.6106432364360814,2.625,0.625,6.397102515468491,1.0,True,True,True,True,True,True,False,False,True
event_020,recommended,LVP_ROBOWM_0059,LVP_ROBOWM,33,gripper,1.0,"gripper deform at begin of sec1, forearm deform at end of sec 1","The robot arm bends unnaturally, and the gripper changes its shape and length after reaching the cup.",True,link7,16.0,49,3.0625,2.9375,1.9375,"2.9375,1.25",0.25,0.6209882381232893,0.1875,0.8125,1.523213563028747,0.8888888888888888,False,False,False,True,True,True,False,False,True
event_021,recommended,COSMOS2.5_0003,COSMOS2.5,37,upper_arm,0.0,deform at sec0,"The forearm deforms and becomes much shorter while picking up the object, and the yellow cube penetrates the bin while moving inward.",True,link2,16.0,93,5.8125,1.5625,1.5625,"1.5625,4.625",1.5625,0.9820451050236995,0.0625,0.0625,5.244592107151787,0.3258426966292135,False,False,False,False,False,False,True,True,True
event_022,recommended,COSMOS2.5_0003,COSMOS2.5,37,forearm,0.0,deform at sec0,"The forearm deforms and becomes much shorter while picking up the object, and the yellow cube penetrates the bin while moving inward.",True,"link4,link5",16.0,93,5.8125,1.5625,1.5625,"1.5625,2",1.5625,4.527292758203465,2.0,2.0,8.794940303688652,0.5955056179775281,False,False,False,False,False,False,False,False,False
event_023,recommended,COSMOS2.5_0003,COSMOS2.5,37,gripper,0.0,deform at sec0,"The forearm deforms and becomes much shorter while picking up the object, and the yellow cube penetrates the bin while moving inward.",True,link7,16.0,93,5.8125,2.6875,2.6875,"2.6875,3.5625",2.6875,9.695842874059949,3.5625,3.5625,29.810499341639105,0.9325842696629213,False,False,False,False,False,False,False,False,False
event_024,recommended,COSMOS2.5_0008,COSMOS2.5,39,forearm,1.0,gripper deform at sec0. forearm at sec1,"The robot arm becomes significantly shorter after it begins moving. The gripper penetrates the cup, and the cup deforms and briefly appears soft. The gripper also fails to release the cup, which remains stuck to it.",True,"link4,link5",16.0,93,5.8125,1.625,0.625,"1.625,5.625",0.625,2.3725547237374407,0.0625,0.9375,5.1525471605025555,0.9662921348314607,False,False,True,False,False,True,False,False,True
event_025,recommended,COSMOS2.5_0008,COSMOS2.5,39,gripper,0.0,gripper deform at sec0. forearm at sec1,"The robot arm becomes significantly shorter after it begins moving. The gripper penetrates the cup, and the cup deforms and briefly appears soft. The gripper also fails to release the cup, which remains stuck to it.",True,link7,16.0,93,5.8125,0.875,0.875,"0.875,2",0.875,6.774491864127157,0.875,0.875,19.419191624933294,0.5955056179775281,False,False,True,False,False,True,False,False,True
event_026,recommended,COSMOS2.5_0009,COSMOS2.5,40,forearm,1.0,gripper finger deform at sec0. forearm deform at sec1,"The gripper fails to release the cup, and minor penetration occurs as the cup enters the bin.",True,"link4,link5",16.0,93,5.8125,1.0,0.0,"1,1.5",0.0,1.3660182823612121,1.625,0.625,3.3247444902070016,1.0,True,True,True,True,True,True,False,False,True
event_027,recommended,COSMOS2.5_0009,COSMOS2.5,40,gripper,0.0,gripper finger deform at sec0. forearm deform at sec1,"The gripper fails to release the cup, and minor penetration occurs as the cup enters the bin.",True,link7,16.0,93,5.8125,5.0625,5.0625,"5.0625,0.3125",0.3125,19.640418029850345,5.0625,5.0625,32.31014114984985,0.9550561797752809,False,False,False,False,True,True,False,False,False
event_028,recommended,COSMOS2.5_0010,COSMOS2.5,41,forearm,1.0,gripper deform at sec0. forearm at sec1,The cup penetrates the bin and remains stuck to the gripper instead of being released.,True,"link4,link5",16.0,93,5.8125,2.875,1.875,"2.875,0.875",0.125,1.4975121640818836,0.0625,0.9375,5.976668946244776,0.9775280898876404,False,False,False,True,True,True,False,False,True
event_029,recommended,COSMOS2.5_0010,COSMOS2.5,41,gripper,0.0,gripper deform at sec0. forearm at sec1,The cup penetrates the bin and remains stuck to the gripper instead of being released.,True,link7,16.0,93,5.8125,1.625,1.625,"1.625,4.25",1.625,4.2847590995717235,1.6875,1.6875,11.285750633384765,0.651685393258427,False,False,False,False,False,False,False,False,False
event_030,recommended,COSMOS2.5_0017,COSMOS2.5,44,gripper,1.0,minor deform at sec1,"Because of poor spatial reasoning, the gripper falls short of reaching the correct top contact point on the cup, but the cup deforms to move itself toward the gripper.",True,link7,16.0,93,5.8125,0.4375,0.5625,"0.4375,2.75",0.5625,2.475398224143884,0.5625,0.4375,6.927308864459171,0.9887640449438202,False,False,True,False,False,True,False,True,True
event_031,recommended,COSMOS2.5_0027,COSMOS2.5,49,forearm,1.0,deformation at sec 1. forearm and gripper finger,"The robot's forearm is slightly deformed/bent, and the task is incomplete: the gripper grasps the object but stops midway through lifting it.",True,"link4,link5",16.0,93,5.8125,0.25,0.75,"0.25,3.5",0.75,0.6366193956020298,0.25,0.75,2.6379638387671887,0.898876404494382,False,False,True,False,False,True,False,False,True
event_032,recommended,COSMOS2.5_0027,COSMOS2.5,49,gripper,1.0,deformation at sec 1. forearm and gripper finger,"The robot's forearm is slightly deformed/bent, and the task is incomplete: the gripper grasps the object but stops midway through lifting it.",True,link7,16.0,93,5.8125,0.3125,0.6875,"0.3125,5.5",0.6875,12.859774268350897,0.4375,0.5625,15.765369635864786,0.9101123595505618,False,False,True,False,False,True,False,False,True
event_033,recommended,COSMOS2.5_0032,COSMOS2.5,52,gripper,1.0,"gripper deformation, finger and palm at sec1","The middle joint of the robot arm deforms. At the contact point, the object moves toward the gripper by itself; when they touch, the cube deforms instead of moving. The goal is incorrect.",True,link7,16.0,93,5.8125,2.5,1.5,"2.5,4.0625",1.5,3.349452621556075,4.1875,3.1875,7.208673814199488,0.8426966292134831,False,False,False,False,False,False,False,False,False
event_034,recommended,COSMOS2.5_0033,COSMOS2.5,53,gripper,1.0,minor gripper deformation at sec1,The execution matches the prompt exactly.,True,link7,16.0,93,5.8125,1.6875,0.6875,"1.6875,2.375",0.6875,5.210519837735365,0.4375,0.5625,12.213361986914105,0.8876404494382022,False,False,True,False,False,True,False,False,True
event_035,recommended,COSMOS2.5_0036,COSMOS2.5,56,gripper,1.0,gripper deformation at sec1,"As the gripper approaches the object, the gripper deforms into a new color/form. The object then moves by itself toward the gripper and sticks to it. The gripper does not follow the intended direction and does not move the object in any meaningful direction.",True,link7,16.0,93,5.8125,1.25,0.25,"1.25,1",0.0,4.760279512207374,1.25,0.25,10.036655641528325,1.0,True,True,True,True,True,True,True,True,True
event_036,recommended,COSMOS2.5_0038,COSMOS2.5,57,forearm,1.0,gripper deform at sec1 then sec3. forearm deform at sec1,"The object moves by itself toward the gripper, and the gripper's contact with it is not physically plausible. The goal is incorrect because the object is pushed farther from the camera rather than away from the robot.",True,"link4,link5",16.0,93,5.8125,1.4375,0.4375,"1.4375,3.9375",0.4375,0.4316386037345429,0.0625,0.9375,1.4222527265214318,1.0,False,True,True,False,True,True,False,False,True
event_037,recommended,COSMOS2.5_0038,COSMOS2.5,57,gripper,1.0,gripper deform at sec1 then sec3. forearm deform at sec1,"The object moves by itself toward the gripper, and the gripper's contact with it is not physically plausible. The goal is incorrect because the object is pushed farther from the camera rather than away from the robot.",True,link7,16.0,93,5.8125,1.125,0.125,"1.125,3.625",0.125,3.3543922015173058,3.625,2.625,7.401020422938615,1.0,True,True,True,True,True,True,False,False,False
event_038,recommended,COSMOS2.5_0038,COSMOS2.5,57,gripper,3.0,gripper deform at sec1 then sec3. forearm deform at sec1,"The object moves by itself toward the gripper, and the gripper's contact with it is not physically plausible. The goal is incorrect because the object is pushed farther from the camera rather than away from the robot.",True,link7,16.0,93,5.8125,1.125,1.875,"1.125,3.625",0.625,3.3543922015173058,3.625,0.625,7.401020422938615,0.898876404494382,False,False,False,False,False,True,False,False,True
event_039,recommended,COSMOS2.5_0046,COSMOS2.5,60,gripper,0.0,gripper finger deformation at sec0,The yellow button moves toward the gripper by itself; the rest of the execution is fine.,True,link7,16.0,93,5.8125,0.25,0.25,"0.25,1.125",0.25,9.258766201373861,0.25,0.25,21.298932863496514,1.0,True,True,True,True,True,True,True,True,True
event_040,recommended,COSMOS2.5_0047,COSMOS2.5,61,forearm,0.5,gripper and forearm deform at sec0 and 1,"The execution is good, but the robot arm becomes too short to be physically plausible.",True,"link4,link5",16.0,93,5.8125,1.25,0.75,"1.25,3.0625",0.75,0.7106899173413377,0.0625,0.4375,2.313761872593714,0.8876404494382022,False,False,True,False,False,True,False,True,True
event_041,recommended,COSMOS2.5_0047,COSMOS2.5,61,gripper,0.5,gripper and forearm deform at sec0 and 1,"The execution is good, but the robot arm becomes too short to be physically plausible.",True,link7,16.0,93,5.8125,0.25,0.25,"0.25,1.5625",0.25,7.876587477424348,0.3125,0.1875,14.174415999615471,1.0,True,True,True,True,True,True,True,True,True
event_042,recommended,COSMOS2.5_0053,COSMOS2.5,62,upper_arm,0.0,"gripper,forearm,upperarm deform start at sec0","The gripper's right finger deforms while picking up the cube, and the cube becomes soft-tissue-like as it moves toward the drawer. The drawer also deforms and changes appearance while closing. The contact between the gripper and the drawer appears physically misaligned, the drawer seems to close by itself, and the gripper penetrates the drawer. The robot's forearm is also deformed and shortened.",True,link2,16.0,93,5.8125,1.25,1.25,"1.25,1",1.0,9.637582611355093,1.25,1.25,15.566352632564463,0.21348314606741572,False,False,False,False,False,True,False,False,False
event_043,recommended,COSMOS2.5_0053,COSMOS2.5,62,forearm,0.0,"gripper,forearm,upperarm deform start at sec0","The gripper's right finger deforms while picking up the cube, and the cube becomes soft-tissue-like as it moves toward the drawer. The drawer also deforms and changes appearance while closing. The contact between the gripper and the drawer appears physically misaligned, the drawer seems to close by itself, and the gripper penetrates the drawer. The robot's forearm is also deformed and shortened.",True,"link4,link5",16.0,93,5.8125,1.375,1.375,"1.375,5.4375",1.375,1.1726397776830915,0.0625,0.0625,5.418568295341544,0.12359550561797752,False,False,False,False,False,False,True,True,True
event_044,recommended,COSMOS2.5_0053,COSMOS2.5,62,gripper,0.0,"gripper,forearm,upperarm deform start at sec0","The gripper's right finger deforms while picking up the cube, and the cube becomes soft-tissue-like as it moves toward the drawer. The drawer also deforms and changes appearance while closing. The contact between the gripper and the drawer appears physically misaligned, the drawer seems to close by itself, and the gripper penetrates the drawer. The robot's forearm is also deformed and shortened.",True,link7,16.0,93,5.8125,1.6875,1.6875,"1.6875,5.5625",1.6875,10.391139858383251,5.625,5.625,16.346786597053942,0.7865168539325843,False,False,False,False,False,False,False,False,False
event_045,recommended,COSMOS2.5_0056,COSMOS2.5,63,upper_arm,0.0,"gripper,forearm,upperarm deform start at sec0","The execution is good, but the drawer deforms during closing. The robot arm also deforms and becomes significantly shorter.",True,link2,16.0,93,5.8125,5.5625,5.5625,"5.5625,0.25",0.25,3.5514169295852636,5.75,5.75,5.677427771056858,0.9213483146067416,False,False,False,True,True,True,False,False,False
event_046,recommended,COSMOS2.5_0056,COSMOS2.5,63,forearm,0.0,"gripper,forearm,upperarm deform start at sec0","The execution is good, but the drawer deforms during closing. The robot arm also deforms and becomes significantly shorter.",True,"link4,link5",16.0,93,5.8125,1.1875,1.1875,"1.1875,5.375",1.1875,3.0500534180020793,1.3125,1.3125,5.460881124230919,0.2696629213483146,False,False,False,False,False,False,False,False,False
event_047,recommended,COSMOS2.5_0056,COSMOS2.5,63,gripper,0.0,"gripper,forearm,upperarm deform start at sec0","The execution is good, but the drawer deforms during closing. The robot arm also deforms and becomes significantly shorter.",True,link7,16.0,93,5.8125,0.9375,0.9375,"0.9375,0.3125",0.3125,21.72703145279764,1.0,1.0,34.12735038606421,0.9438202247191011,False,False,True,False,True,True,False,False,True
event_048,recommended,COSMOS2.5_0061,COSMOS2.5,64,upper_arm,0.0,"gripper,forearm,upperarm deform start at sec0","Because of poor spatial reasoning, the robot arm first hides the cup from the camera; the object then immediately deforms and appears on the gripper.",True,link2,16.0,93,5.8125,1.375,1.375,"1.375,5.4375",1.375,2.355430921264783,5.75,5.75,3.754027077056873,0.7752808988764045,False,False,False,False,False,False,False,False,False
event_049,recommended,COSMOS2.5_0061,COSMOS2.5,64,forearm,0.0,"gripper,forearm,upperarm deform start at sec0","Because of poor spatial reasoning, the robot arm first hides the cup from the camera; the object then immediately deforms and appears on the gripper.",True,"link4,link5",16.0,93,5.8125,5.4375,5.4375,"5.4375,0.4375",0.4375,0.8538212891071828,0.375,0.375,2.4877862920334204,0.9550561797752809,False,False,False,False,True,True,False,True,True
event_050,recommended,COSMOS2.5_0061,COSMOS2.5,64,gripper,0.0,"gripper,forearm,upperarm deform start at sec0","Because of poor spatial reasoning, the robot arm first hides the cup from the camera; the object then immediately deforms and appears on the gripper.",True,link7,16.0,93,5.8125,1.625,1.625,"1.625,0.4375",0.4375,5.254807128926512,1.8125,1.8125,9.351684020506884,0.9887640449438202,False,False,False,False,True,True,False,False,False
event_051,recommended,COSMOS2.5_0067,COSMOS2.5,67,gripper,0.0,gripper finger deformation at sec0,The execution matches the prompt exactly.,True,link7,16.0,93,5.8125,0.4375,0.4375,"0.4375,2.5",0.4375,11.611779464079804,0.5,0.5,17.89576330325718,1.0,False,True,True,False,True,True,False,True,True
event_052,recommended,COSMOS3_0000,COSMOS3,68,forearm,2.0,minor forearm deformation and gripper deformatoin at sec2,The execution matches the prompt exactly.,True,"link4,link5",24.0,189,7.875,7.625,5.625,"7.625,7.375",5.375,2.6243066362281056,7.833333333333333,5.833333333333333,5.221642740310438,0.8579234972677595,False,False,False,False,False,False,False,False,False
event_053,recommended,COSMOS3_0000,COSMOS3,68,gripper,2.0,minor forearm deformation and gripper deformatoin at sec2,The execution matches the prompt exactly.,True,link7,24.0,189,7.875,4.041666666666667,2.041666666666667,"4.04166667,1.75",0.25,4.164671702900577,4.291666666666667,2.291666666666667,7.697623043135451,0.9672131147540983,False,False,False,True,True,True,False,False,False
event_054,recommended,COSMOS3_0006,COSMOS3,72,forearm,1.0,gripper and forearm deformation at sec 1,The robot's forearm deforms and becomes significantly lengthen in ratio,True,"link4,link5",24.0,189,7.875,1.7083333333333333,0.7083333333333333,"1.70833333,5.95833333",0.7083333333333333,1.3209253656347035,1.875,0.875,2.4130158794829946,0.9234972677595629,False,False,True,False,False,True,False,False,True
event_055,recommended,COSMOS3_0006,COSMOS3,72,gripper,1.0,gripper and forearm deformation at sec 1,The robot's forearm deforms and becomes significantly lengthen in ratio,True,link7,24.0,189,7.875,6.083333333333333,5.083333333333333,"6.08333333,5.75",4.75,9.304324593417494,6.125,5.125,16.895868346849458,0.9453551912568307,False,False,False,False,False,False,False,False,False
event_056,recommended,COSMOS3_0014,COSMOS3,73,gripper,1.0,gripper deformation at second1. second gripper deformation at 05,"At the contact point, the gripper penetrate the cup, and then the cup is minorly deformed with green line inside. The robot moves the object farther from the camera instead of lifting it. Wrong goal",True,link7,24.0,189,7.875,3.9583333333333335,2.9583333333333335,"3.95833333,5.33333333",2.9583333333333335,12.112599752304721,0.6666666666666666,0.33333333333333337,55.40657200545976,0.9398907103825137,False,False,False,False,False,False,False,True,True
event_057,recommended,COSMOS3_0015,COSMOS3,74,forearm,2.0,gripper deformation at second4. forearm deformation aat second 2,"Both the robot gripper and the object is deformed at the contact point. Due to poor spatial reasoning, the gripper seems to hide the cup from the camera then grab it.  Then gripper then release the cup instead of lifting it, wrong goal. Robot fore arm is also deformed when it approaches the cup.",True,"link4,link5",24.0,189,7.875,7.75,5.75,"7.75,1.125",0.875,0.8694974530525321,7.833333333333333,5.833333333333333,2.3703404806323896,0.9289617486338798,False,False,False,False,False,True,False,False,False
event_058,recommended,COSMOS3_0015,COSMOS3,74,gripper,4.0,gripper deformation at second4. forearm deformation aat second 2,"Both the robot gripper and the object is deformed at the contact point. Due to poor spatial reasoning, the gripper seems to hide the cup from the camera then grab it.  Then gripper then release the cup instead of lifting it, wrong goal. Robot fore arm is also deformed when it approaches the cup.",True,link7,24.0,189,7.875,3.5833333333333335,0.4166666666666665,"3.58333333,7.54166667",0.4166666666666665,6.611574534158889,3.7083333333333335,0.2916666666666665,11.719385452395542,1.0,False,True,True,False,True,True,False,True,True
event_059,recommended,COSMOS3_0020,COSMOS3,75,gripper,1.0,gripper deformation at second1. ,Banana is duplicated when the robot picked it. Wrong goal because robot released it,True,link7,24.0,189,7.875,5.708333333333333,4.708333333333333,"5.70833333,7.79166667",4.708333333333333,17.94987751437767,5.75,4.75,22.24279579810157,0.825136612021858,False,False,False,False,False,False,False,False,False
event_060,recommended,COSMOS3_0024,COSMOS3,76,gripper,0.75,the gripper deform at second half of second 0 to sec1,"Gripper deformed to contain a white object, rest execution is fine",True,link7,24.0,189,7.875,5.083333333333333,4.333333333333333,"5.08333333,1.41666667",0.6666666666666667,11.767299900098418,1.4583333333333333,0.7083333333333333,17.721921168950264,0.9344262295081968,False,False,False,False,False,True,False,False,True
event_061,recommended,COSMOS3_0027,COSMOS3,77,gripper,5.0,the gripper deform at start of second5,"After finishing the task, the gripper contacts the object again, and then the object is magically duplicated.",True,link7,24.0,189,7.875,5.833333333333333,0.833333333333333,"5.83333333,6.08333333",0.833333333333333,12.36828966572391,6.125,1.125,29.27193192485827,0.912568306010929,False,False,True,False,False,True,False,False,False
event_062,recommended,COSMOS3_0028,COSMOS3,78,forearm,0.75,the gripper and forearm deform at second half of second 0,"Wrong goal, te robot lift the move the tap outward rather than inward. Severe deformation at the gripper, causing the contact point to be unclear.",True,"link4,link5",24.0,189,7.875,7.833333333333333,7.083333333333333,"7.83333333,6.16666667",5.416666666666667,0.45539422921706496,7.833333333333333,7.083333333333333,2.0829340480930996,0.9836065573770492,False,False,False,False,False,False,False,False,False
event_063,recommended,COSMOS3_0028,COSMOS3,78,gripper,0.75,the gripper and forearm deform at second half of second 0,"Wrong goal, te robot lift the move the tap outward rather than inward. Severe deformation at the gripper, causing the contact point to be unclear.",True,link7,24.0,189,7.875,0.9166666666666666,0.16666666666666663,"0.916666667,7.33333333",0.16666666666666663,4.445404578379858,0.9166666666666666,0.16666666666666663,8.42956702925095,1.0,True,True,True,True,True,True,True,True,True
event_064,recommended,COSMOS3_0031,COSMOS3,79,gripper,1.0,the gripper deform at start of second1,"Wrong goal, the gripper is now picking the brown cap and breaking down the object. The gripper is deformed, and the wrong action causing the object to also deform. Also the gripper doesn't properly/sufficiently grab the object but still creative effective, wrong contact dynamics",True,link7,24.0,189,7.875,0.2916666666666667,0.7083333333333333,"0.291666667,4.125",0.7083333333333333,6.878840964278085,0.3333333333333333,0.6666666666666667,16.188439810133765,0.8142076502732241,False,False,True,False,False,True,False,False,True
event_065,recommended,COSMOS3_0042,COSMOS3,81,upper_arm,0.75,"gripper,forearm,upperarm deform start at second half of sec0",The goal is incorrect because the gripper picks up the brown cap and breaks the object; the incorrect action also causes the object to deform.,True,link2,24.0,189,7.875,5.083333333333333,4.333333333333333,"5.08333333,3.125",2.375,0.5222223301099256,7.833333333333333,7.083333333333333,2.049709637298988,0.9234972677595629,False,False,False,False,False,False,False,False,False
event_066,recommended,COSMOS3_0042,COSMOS3,81,forearm,0.75,"gripper,forearm,upperarm deform start at second half of sec0",The goal is incorrect because the gripper picks up the brown cap and breaks the object; the incorrect action also causes the object to deform.,True,"link4,link5",24.0,189,7.875,1.0833333333333333,0.33333333333333326,"1.08333333,7.58333333",0.33333333333333326,1.3378992855941778,6.166666666666667,5.416666666666667,3.5050327899949316,1.0,False,True,True,False,True,True,False,False,False
event_067,recommended,COSMOS3_0042,COSMOS3,81,gripper,0.75,"gripper,forearm,upperarm deform start at second half of sec0",The goal is incorrect because the gripper picks up the brown cap and breaks the object; the incorrect action also causes the object to deform.,True,link7,24.0,189,7.875,7.541666666666667,6.791666666666667,"7.54166667,6.625",5.875,14.598407639838257,7.75,7.0,38.682858387450665,0.825136612021858,False,False,False,False,False,False,False,False,False
event_068,recommended,COSMOS3_0047,COSMOS3,82,upper_arm,1.0,"gripper,forearm,upperarm deform start at  sec1","The gripper is deformed, and one gripper finger disappears. At the contact point, the manipulated object also deforms and begins to shine.",True,link2,24.0,189,7.875,7.833333333333333,6.833333333333333,"7.83333333,4.83333333",3.833333333333333,0.5827838036939826,0.4166666666666667,0.5833333333333333,1.320187955977486,0.9726775956284153,False,False,False,False,False,False,False,False,True
event_069,recommended,COSMOS3_0047,COSMOS3,82,forearm,1.0,"gripper,forearm,upperarm deform start at  sec1","The gripper is deformed, and one gripper finger disappears. At the contact point, the manipulated object also deforms and begins to shine.",True,"link4,link5",24.0,189,7.875,5.666666666666667,4.666666666666667,"5.66666667,7.54166667",4.666666666666667,0.3288882364914987,0.3333333333333333,0.6666666666666667,1.9652051567819997,0.9344262295081968,False,False,False,False,False,False,False,False,True
event_070,recommended,COSMOS3_0047,COSMOS3,82,gripper,1.0,"gripper,forearm,upperarm deform start at  sec1","The gripper is deformed, and one gripper finger disappears. At the contact point, the manipulated object also deforms and begins to shine.",True,link7,24.0,189,7.875,1.0416666666666667,0.04166666666666674,"1.04166667,7.58333333",0.04166666666666674,5.948624099034143,1.4583333333333333,0.45833333333333326,10.126693869686795,1.0,True,True,True,True,True,True,False,True,True
event_071,recommended,COSMOS3_0048,COSMOS3,83,upper_arm,0.75,"gripper,forearm,upperarm deform start at second half of sec0","The robot grasps the banana, but it closes the drawer before trying to release the banana. It then attempts to insert the banana into the drawer, causing object deformation and object-environment penetration.",True,link2,24.0,189,7.875,7.708333333333333,6.958333333333333,"7.70833333,3.25",2.5,1.271090826595633,7.833333333333333,7.083333333333333,2.975226679226076,0.9289617486338798,False,False,False,False,False,False,False,False,False
event_072,recommended,COSMOS3_0048,COSMOS3,83,forearm,0.75,"gripper,forearm,upperarm deform start at second half of sec0","The robot grasps the banana, but it closes the drawer before trying to release the banana. It then attempts to insert the banana into the drawer, causing object deformation and object-environment penetration.",True,"link4,link5",24.0,189,7.875,1.0833333333333333,0.33333333333333326,"1.08333333,4.75",0.33333333333333326,1.9595521881475495,1.125,0.375,3.5960031370384535,1.0,False,True,True,False,True,True,False,True,True
event_073,recommended,COSMOS3_0048,COSMOS3,83,gripper,0.75,"gripper,forearm,upperarm deform start at second half of sec0","The robot grasps the banana, but it closes the drawer before trying to release the banana. It then attempts to insert the banana into the drawer, causing object deformation and object-environment penetration.",True,link7,24.0,189,7.875,3.625,2.875,"3.625,7.33333333",2.875,5.823500706077686,1.0416666666666667,0.29166666666666674,18.581129998438804,0.8415300546448088,False,False,False,False,False,False,False,True,True
event_074,recommended,COSMOS3_0049,COSMOS3,84,forearm,1.0,"gripper,forearm deform start at  sec1",The task is incomplete because the drawer is not closed after the release. The banana penetrates the drawer as the robot releases it into the drawer.,True,"link4,link5",24.0,189,7.875,7.666666666666667,6.666666666666667,"7.66666667,5.70833333",4.708333333333333,1.2980414999965264,6.208333333333333,5.208333333333333,2.899699807500597,0.8306010928961749,False,False,False,False,False,False,False,False,False
event_075,recommended,COSMOS3_0049,COSMOS3,84,gripper,1.0,"gripper,forearm deform start at  sec1",The task is incomplete because the drawer is not closed after the release. The banana penetrates the drawer as the robot releases it into the drawer.,True,link7,24.0,189,7.875,4.833333333333333,3.833333333333333,"4.83333333,7.45833333",3.833333333333333,19.2664046400273,4.833333333333333,3.833333333333333,28.311478639578702,0.9508196721311475,False,False,False,False,False,False,False,False,False
event_076,recommended,COSMOS3_0051,COSMOS3,86,forearm,1.0,"gripper, forearm deform at sec1","The task is incomplete because the drawer is not closed after the banana is placed inside. At the contact point, the gripper's grasp on the banana is not physically reasonable. The banana also deforms after being lifted.",True,"link4,link5",24.0,189,7.875,4.083333333333333,3.083333333333333,"4.08333333,1.125",0.125,1.450754804069252,4.125,3.125,3.1625721651318672,0.994535519125683,False,False,False,True,True,True,False,False,False
event_077,recommended,COSMOS3_0051,COSMOS3,86,gripper,1.0,"gripper, forearm deform at sec1","The task is incomplete because the drawer is not closed after the banana is placed inside. At the contact point, the gripper's grasp on the banana is not physically reasonable. The banana also deforms after being lifted.",True,link7,24.0,189,7.875,7.833333333333333,6.833333333333333,"7.83333333,6",5.0,30.010842381570768,7.833333333333333,6.833333333333333,42.5784635963213,0.8142076502732241,False,False,False,False,False,False,False,False,False
event_078,recommended,COSMOS3_0052,COSMOS3,87,forearm,1.0,"gripper, forearm deform at sec1",The task is incomplete because the drawer is not closed after the banana is placed inside. The banana penetrates the drawer when it is released into the drawer.,True,"link4,link5",24.0,189,7.875,4.958333333333333,3.958333333333333,"4.95833333,1.83333333",0.8333333333333333,2.0357637818250236,5.083333333333333,4.083333333333333,3.79574990197288,0.639344262295082,False,False,False,False,False,True,False,False,False
event_079,recommended,COSMOS3_0052,COSMOS3,87,gripper,1.0,"gripper, forearm deform at sec1",The task is incomplete because the drawer is not closed after the banana is placed inside. The banana penetrates the drawer when it is released into the drawer.,True,link7,24.0,189,7.875,0.2916666666666667,0.7083333333333333,"0.291666667,4.83333333",0.7083333333333333,13.275977508683367,0.3333333333333333,0.6666666666666667,16.22064055745724,0.9562841530054644,False,False,True,False,False,True,False,False,True
event_080,recommended,COSMOS3_0053,COSMOS3,88,forearm,1.0,"gripper, forearm deform at sec1","The gripper deforms into a white block. At the contact point, both the gripper finger and the object deform. The task is incomplete because the drawer is not closed after the release.",True,"link4,link5",24.0,189,7.875,3.9166666666666665,2.9166666666666665,"3.91666667,7.66666667",2.9166666666666665,1.9052772783546676,0.20833333333333334,0.7916666666666666,4.027632610061931,0.5409836065573771,False,False,False,False,False,False,False,False,True
event_081,recommended,COSMOS3_0053,COSMOS3,88,gripper,1.0,"gripper, forearm deform at sec1","The gripper deforms into a white block. At the contact point, both the gripper finger and the object deform. The task is incomplete because the drawer is not closed after the release.",True,link7,24.0,189,7.875,5.541666666666667,4.541666666666667,"5.54166667,0.875",0.125,8.55134121833543,5.916666666666667,4.916666666666667,16.934059885930758,0.9836065573770492,False,False,False,True,True,True,False,False,False
event_082,recommended,COSMOS3_0056,COSMOS3,90,forearm,0.75,"gripper, forearm deform at second half of sec0","The task is incomplete because the robot does not close the drawer. As the gripper approaches the cube, it penetrates the drawer.",True,"link4,link5",24.0,189,7.875,5.625,4.875,"5.625,5.375",4.625,14.420878000906779,5.833333333333333,5.083333333333333,25.59982178559315,0.7978142076502732,False,False,False,False,False,False,False,False,False
event_083,recommended,COSMOS3_0056,COSMOS3,90,gripper,0.75,"gripper, forearm deform at second half of sec0","The task is incomplete because the robot does not close the drawer. As the gripper approaches the cube, it penetrates the drawer.",True,link7,24.0,189,7.875,1.8333333333333333,1.0833333333333333,"1.83333333,7.625",1.0833333333333333,26.03179558761366,3.2916666666666665,2.5416666666666665,45.953420585321105,0.9016393442622951,False,False,False,False,False,False,False,False,False
event_084,recommended,COSMOS3_0057,COSMOS3,91,gripper,1.0,gripper deform at sec1,The robot gripper deforms into a blue triangular shape. The task is incomplete because the robot does not close the drawer.,False,,24.0,189,7.875,,,,,,,,,,,,,,,,,,
event_085,recommended,COSMOS3_0060,COSMOS3,92,forearm,5.0,"gripper deform at sec0, forearm deform at sec5",The forearm is deformed/shortened. The contact is not physically plausible because the gripper does not choose the correct contact point.,True,"link4,link5",24.0,189,7.875,7.791666666666667,2.791666666666667,"7.79166667,1.08333333",2.791666666666667,1.9988281534045007,3.9583333333333335,1.0416666666666665,3.9029390864287614,0.907103825136612,False,False,False,False,False,False,False,False,False
event_086,recommended,COSMOS3_0060,COSMOS3,92,gripper,0.0,"gripper deform at sec0, forearm deform at sec5",The forearm is deformed/shortened. The contact is not physically plausible because the gripper does not choose the correct contact point.,True,link7,24.0,189,7.875,7.833333333333333,7.833333333333333,"7.83333333,7.41666667",7.416666666666667,5.96115877169767,7.833333333333333,7.833333333333333,14.374036941984341,0.4098360655737705,False,False,False,False,False,False,False,False,False
event_001,combined,LVP_ROBOWM_0011,LVP_ROBOWM,7,forearm,3.0,minor gripper finger and forearm deformation at sec3,"The gripper only contacts the middle of the cup without forming a valid grasp, but the cup is still lifted as if it were stuck to the gripper. Also the cup deforms unnaturally.",True,"link4,link5",16.0,49,3.0625,1.125,1.875,"1.125,1.875",1.125,1.511684893166403,0.0625,2.9375,2.7544698085423662,0.7777777777777778,False,False,False,False,False,False,False,False,False
event_002,combined,LVP_ROBOWM_0011,LVP_ROBOWM,7,gripper,3.0,minor gripper finger and forearm deformation at sec3,"The gripper only contacts the middle of the cup without forming a valid grasp, but the cup is still lifted as if it were stuck to the gripper. Also the cup deforms unnaturally.",True,link7,16.0,49,3.0625,2.25,0.75,"2.25,1.25",0.75,7.835435052050322,2.25,0.75,24.758538586848665,0.4444444444444444,False,False,True,False,False,True,False,False,True
event_003,combined,LVP_ROBOWM_0013,LVP_ROBOWM,8,forearm,1.0,forearm deformation at sec 1,The robot picks up the middle of the cup.,True,"link4,link5",16.0,49,3.0625,1.875,0.875,"1.875,2.25",0.875,5.313195947760179,1.9375,0.9375,8.281688981807525,0.7333333333333333,False,False,True,False,False,True,False,False,True
event_004,combined,LVP_ROBOWM_0024,LVP_ROBOWM,13,gripper,2.0,minor gripper deformation at sec2,"The gripper geometry changes unnaturally during the motion: the black and white finger parts, which are initially together, separate later in the video. The yellow cube also deforms/changes shape unnaturally.",True,link7,16.0,49,3.0625,2.75,0.75,"2.75,1.1875",0.75,9.897923588751794,2.75,0.75,13.42956364817345,0.6666666666666666,False,False,True,False,False,True,False,False,True
event_005,combined,LVP_ROBOWM_0025,LVP_ROBOWM,14,gripper,2.0,minor gripper deformation at sec2,Both the robot arm and the cube deform during the process.,True,link7,16.0,49,3.0625,2.875,0.875,"2.875,2.25",0.25,6.050241619928112,2.9375,0.9375,9.844919929196479,0.9111111111111111,False,False,True,True,True,True,False,False,True
event_006,combined,LVP_ROBOWM_0033,LVP_ROBOWM,20,forearm,0.0,"gripper, forearm deform at sec0","The robot arm front-end changes thickness, and the cube deforms unnaturally. The intended action is to push the object away, but the robot instead moves it inward, indicating a wrong goal.",True,"link4,link5",16.0,49,3.0625,0.25,0.25,"0.25,0.75",0.25,3.4491109909338267,0.3125,0.3125,8.646623283301484,1.0,True,True,True,True,True,True,False,True,True
event_007,combined,LVP_ROBOWM_0033,LVP_ROBOWM,20,gripper,0.0,"gripper, forearm deform at sec0","The robot arm front-end changes thickness, and the cube deforms unnaturally. The intended action is to push the object away, but the robot instead moves it inward, indicating a wrong goal.",True,link7,16.0,49,3.0625,2.75,2.75,"2.75,2.0625",2.0625,3.401844467974941,0.0625,0.0625,18.731743838339085,0.1111111111111111,False,False,False,False,False,False,True,True,True
event_008,combined,LVP_ROBOWM_0040,LVP_ROBOWM,23,gripper,2.0,"minor deformation, gripper finger disappear at sec2","The contact point is incorrect, and the box deforms and moves in the wrong direction.",True,link7,16.0,49,3.0625,2.6875,0.6875,"2.6875,1.125",0.6875,0.827444194902422,0.0625,1.9375,6.821202831855074,0.9111111111111111,False,False,True,False,False,True,False,False,False
event_009,combined,LVP_ROBOWM_0042,LVP_ROBOWM,24,forearm,1.0,"deformation at sec1, forearm deformation and gripper disappear",The box deforms during the process.,True,"link4,link5",16.0,49,3.0625,2.875,1.875,"2.875,1.1875",0.1875,0.8842587721382134,0.5625,0.4375,2.477298579262473,0.8888888888888888,False,False,False,True,True,True,False,True,True
event_010,combined,LVP_ROBOWM_0042,LVP_ROBOWM,24,gripper,1.0,"deformation at sec1, forearm deformation and gripper disappear",The box deforms during the process.,False,,16.0,49,3.0625,,,,,,,,,,,,,,,,,,
event_011,combined,LVP_ROBOWM_0043,LVP_ROBOWM,25,forearm,1.0,"deformation at sec1, forearm deformation and gripper finger",The robot does not close its gripper.,True,"link4,link5",16.0,49,3.0625,2.9375,1.9375,"2.9375,0.3125",0.6875,0.49328198968909653,0.3125,0.6875,2.966500886763913,0.4666666666666667,False,False,False,False,False,True,False,False,True
event_012,combined,LVP_ROBOWM_0043,LVP_ROBOWM,25,gripper,1.0,"deformation at sec1, forearm deformation and gripper finger",The robot does not close its gripper.,True,link7,16.0,49,3.0625,0.4375,0.5625,"0.4375,2.4375",0.5625,3.4284663491053804,0.625,0.375,6.587255758005327,0.9555555555555556,False,False,True,False,False,True,False,True,True
event_013,combined,LVP_ROBOWM_0046,LVP_ROBOWM,27,gripper,2.0,gripper finger disappear/deform at sec2,"The front-end changes its shape, and the robot arm bends unnaturally.",True,link7,16.0,49,3.0625,0.5625,1.4375,"0.5625,1.75",0.25,3.3627697581530223,0.75,1.25,9.858610483559573,0.9111111111111111,False,False,False,True,True,True,False,False,False
event_014,combined,LVP_ROBOWM_0049,LVP_ROBOWM,29,forearm,1.0,gripper and forearm has severe deformation at sec1,"The robot front end deforms suddenly. The banana partially penetrates the drawer but is not successfully placed inside, so the task remains incomplete.",True,"link4,link5",16.0,49,3.0625,1.125,0.125,"1.125,0.875",0.125,6.4701102799040635,1.125,0.125,10.364532408073966,1.0,True,True,True,True,True,True,True,True,True
event_015,combined,LVP_ROBOWM_0049,LVP_ROBOWM,29,gripper,1.0,gripper and forearm has severe deformation at sec1,"The robot front end deforms suddenly. The banana partially penetrates the drawer but is not successfully placed inside, so the task remains incomplete.",True,link7,16.0,49,3.0625,2.375,1.375,"2.375,3",1.375,19.85153129331331,0.375,0.625,42.17318792013761,0.7555555555555555,False,False,False,False,False,False,False,False,True
event_016,combined,LVP_ROBOWM_0051,LVP_ROBOWM,30,gripper,1.0,gripper deform at sec1,The banana is lifted without a valid grasp and then penetrates through the drawer geometry instead of being placed through the opening. The robot subsequently closes the drawer. Moreover the robot arm bends unnaturally.,False,,16.0,49,3.0625,,,,,,,,,,,,,,,,,,
event_017,combined,LVP_ROBOWM_0057,LVP_ROBOWM,32,forearm,2.0,"gripper deform at sec1, forearm deform at sec2","The robot picks up the cube but places it back on the table instead of putting it into the drawer. The cube deforms during the motion, and the robot arm also undergoes visible deformation before closing the drawer.",True,"link4,link5",16.0,49,3.0625,3.0,1.0,"3,2",0.0,4.243745360601608,3.0,1.0,5.725173338790235,0.9111111111111111,False,False,True,True,True,True,False,False,True
event_018,combined,LVP_ROBOWM_0057,LVP_ROBOWM,32,gripper,1.0,"gripper deform at sec1, forearm deform at sec2","The robot picks up the cube but places it back on the table instead of putting it into the drawer. The cube deforms during the motion, and the robot arm also undergoes visible deformation before closing the drawer.",False,,16.0,49,3.0625,,,,,,,,,,,,,,,,,,
event_019,combined,LVP_ROBOWM_0059,LVP_ROBOWM,33,forearm,2.0,"gripper deform at begin of sec1, forearm deform at end of sec 1","The robot arm bends unnaturally, and the gripper changes its shape and length after reaching the cup.",True,"link4,link5",16.0,49,3.0625,1.9375,0.0625,"1.9375,2.1875",0.0625,1.6106432364360814,2.625,0.625,6.397102515468491,1.0,True,True,True,True,True,True,False,False,True
event_020,combined,LVP_ROBOWM_0059,LVP_ROBOWM,33,gripper,1.0,"gripper deform at begin of sec1, forearm deform at end of sec 1","The robot arm bends unnaturally, and the gripper changes its shape and length after reaching the cup.",True,link7,16.0,49,3.0625,2.9375,1.9375,"2.9375,1.25",0.25,0.6209882381232893,0.1875,0.8125,1.523213563028747,0.8888888888888888,False,False,False,True,True,True,False,False,True
event_021,combined,COSMOS2.5_0003,COSMOS2.5,37,upper_arm,0.0,deform at sec0,"The forearm deforms and becomes much shorter while picking up the object, and the yellow cube penetrates the bin while moving inward.",True,"link2,link3",16.0,93,5.8125,1.5,1.5,"1.5,3",1.5,0.8098953571538525,0.0625,0.0625,4.168598083585339,0.2808988764044944,False,False,False,False,False,False,True,True,True
event_022,combined,COSMOS2.5_0003,COSMOS2.5,37,forearm,0.0,deform at sec0,"The forearm deforms and becomes much shorter while picking up the object, and the yellow cube penetrates the bin while moving inward.",True,"link4,link5",16.0,93,5.8125,1.5625,1.5625,"1.5625,2",1.5625,4.527292758203465,2.0,2.0,8.794940303688652,0.5955056179775281,False,False,False,False,False,False,False,False,False
event_023,combined,COSMOS2.5_0003,COSMOS2.5,37,gripper,0.0,deform at sec0,"The forearm deforms and becomes much shorter while picking up the object, and the yellow cube penetrates the bin while moving inward.",True,link7,16.0,93,5.8125,2.6875,2.6875,"2.6875,3.5625",2.6875,9.695842874059949,3.5625,3.5625,29.810499341639105,0.9325842696629213,False,False,False,False,False,False,False,False,False
event_024,combined,COSMOS2.5_0008,COSMOS2.5,39,forearm,1.0,gripper deform at sec0. forearm at sec1,"The robot arm becomes significantly shorter after it begins moving. The gripper penetrates the cup, and the cup deforms and briefly appears soft. The gripper also fails to release the cup, which remains stuck to it.",True,"link4,link5",16.0,93,5.8125,1.625,0.625,"1.625,5.625",0.625,2.3725547237374407,0.0625,0.9375,5.1525471605025555,0.9662921348314607,False,False,True,False,False,True,False,False,True
event_025,combined,COSMOS2.5_0008,COSMOS2.5,39,gripper,0.0,gripper deform at sec0. forearm at sec1,"The robot arm becomes significantly shorter after it begins moving. The gripper penetrates the cup, and the cup deforms and briefly appears soft. The gripper also fails to release the cup, which remains stuck to it.",True,link7,16.0,93,5.8125,0.875,0.875,"0.875,2",0.875,6.774491864127157,0.875,0.875,19.419191624933294,0.5955056179775281,False,False,True,False,False,True,False,False,True
event_026,combined,COSMOS2.5_0009,COSMOS2.5,40,forearm,1.0,gripper finger deform at sec0. forearm deform at sec1,"The gripper fails to release the cup, and minor penetration occurs as the cup enters the bin.",True,"link4,link5",16.0,93,5.8125,1.0,0.0,"1,1.5",0.0,1.3660182823612121,1.625,0.625,3.3247444902070016,1.0,True,True,True,True,True,True,False,False,True
event_027,combined,COSMOS2.5_0009,COSMOS2.5,40,gripper,0.0,gripper finger deform at sec0. forearm deform at sec1,"The gripper fails to release the cup, and minor penetration occurs as the cup enters the bin.",True,link7,16.0,93,5.8125,5.0625,5.0625,"5.0625,0.3125",0.3125,19.640418029850345,5.0625,5.0625,32.31014114984985,0.9550561797752809,False,False,False,False,True,True,False,False,False
event_028,combined,COSMOS2.5_0010,COSMOS2.5,41,forearm,1.0,gripper deform at sec0. forearm at sec1,The cup penetrates the bin and remains stuck to the gripper instead of being released.,True,"link4,link5",16.0,93,5.8125,2.875,1.875,"2.875,0.875",0.125,1.4975121640818836,0.0625,0.9375,5.976668946244776,0.9775280898876404,False,False,False,True,True,True,False,False,True
event_029,combined,COSMOS2.5_0010,COSMOS2.5,41,gripper,0.0,gripper deform at sec0. forearm at sec1,The cup penetrates the bin and remains stuck to the gripper instead of being released.,True,link7,16.0,93,5.8125,1.625,1.625,"1.625,4.25",1.625,4.2847590995717235,1.6875,1.6875,11.285750633384765,0.651685393258427,False,False,False,False,False,False,False,False,False
event_030,combined,COSMOS2.5_0017,COSMOS2.5,44,gripper,1.0,minor deform at sec1,"Because of poor spatial reasoning, the gripper falls short of reaching the correct top contact point on the cup, but the cup deforms to move itself toward the gripper.",True,link7,16.0,93,5.8125,0.4375,0.5625,"0.4375,2.75",0.5625,2.475398224143884,0.5625,0.4375,6.927308864459171,0.9887640449438202,False,False,True,False,False,True,False,True,True
event_031,combined,COSMOS2.5_0027,COSMOS2.5,49,forearm,1.0,deformation at sec 1. forearm and gripper finger,"The robot's forearm is slightly deformed/bent, and the task is incomplete: the gripper grasps the object but stops midway through lifting it.",True,"link4,link5",16.0,93,5.8125,0.25,0.75,"0.25,3.5",0.75,0.6366193956020298,0.25,0.75,2.6379638387671887,0.898876404494382,False,False,True,False,False,True,False,False,True
event_032,combined,COSMOS2.5_0027,COSMOS2.5,49,gripper,1.0,deformation at sec 1. forearm and gripper finger,"The robot's forearm is slightly deformed/bent, and the task is incomplete: the gripper grasps the object but stops midway through lifting it.",True,link7,16.0,93,5.8125,0.3125,0.6875,"0.3125,5.5",0.6875,12.859774268350897,0.4375,0.5625,15.765369635864786,0.9101123595505618,False,False,True,False,False,True,False,False,True
event_033,combined,COSMOS2.5_0032,COSMOS2.5,52,gripper,1.0,"gripper deformation, finger and palm at sec1","The middle joint of the robot arm deforms. At the contact point, the object moves toward the gripper by itself; when they touch, the cube deforms instead of moving. The goal is incorrect.",True,link7,16.0,93,5.8125,2.5,1.5,"2.5,4.0625",1.5,3.349452621556075,4.1875,3.1875,7.208673814199488,0.8426966292134831,False,False,False,False,False,False,False,False,False
event_034,combined,COSMOS2.5_0033,COSMOS2.5,53,gripper,1.0,minor gripper deformation at sec1,The execution matches the prompt exactly.,True,link7,16.0,93,5.8125,1.6875,0.6875,"1.6875,2.375",0.6875,5.210519837735365,0.4375,0.5625,12.213361986914105,0.8876404494382022,False,False,True,False,False,True,False,False,True
event_035,combined,COSMOS2.5_0036,COSMOS2.5,56,gripper,1.0,gripper deformation at sec1,"As the gripper approaches the object, the gripper deforms into a new color/form. The object then moves by itself toward the gripper and sticks to it. The gripper does not follow the intended direction and does not move the object in any meaningful direction.",True,link7,16.0,93,5.8125,1.25,0.25,"1.25,1",0.0,4.760279512207374,1.25,0.25,10.036655641528325,1.0,True,True,True,True,True,True,True,True,True
event_036,combined,COSMOS2.5_0038,COSMOS2.5,57,forearm,1.0,gripper deform at sec1 then sec3. forearm deform at sec1,"The object moves by itself toward the gripper, and the gripper's contact with it is not physically plausible. The goal is incorrect because the object is pushed farther from the camera rather than away from the robot.",True,"link4,link5",16.0,93,5.8125,1.4375,0.4375,"1.4375,3.9375",0.4375,0.4316386037345429,0.0625,0.9375,1.4222527265214318,1.0,False,True,True,False,True,True,False,False,True
event_037,combined,COSMOS2.5_0038,COSMOS2.5,57,gripper,1.0,gripper deform at sec1 then sec3. forearm deform at sec1,"The object moves by itself toward the gripper, and the gripper's contact with it is not physically plausible. The goal is incorrect because the object is pushed farther from the camera rather than away from the robot.",True,link7,16.0,93,5.8125,1.125,0.125,"1.125,3.625",0.125,3.3543922015173058,3.625,2.625,7.401020422938615,1.0,True,True,True,True,True,True,False,False,False
event_038,combined,COSMOS2.5_0038,COSMOS2.5,57,gripper,3.0,gripper deform at sec1 then sec3. forearm deform at sec1,"The object moves by itself toward the gripper, and the gripper's contact with it is not physically plausible. The goal is incorrect because the object is pushed farther from the camera rather than away from the robot.",True,link7,16.0,93,5.8125,1.125,1.875,"1.125,3.625",0.625,3.3543922015173058,3.625,0.625,7.401020422938615,0.898876404494382,False,False,False,False,False,True,False,False,True
event_039,combined,COSMOS2.5_0046,COSMOS2.5,60,gripper,0.0,gripper finger deformation at sec0,The yellow button moves toward the gripper by itself; the rest of the execution is fine.,True,link7,16.0,93,5.8125,0.25,0.25,"0.25,1.125",0.25,9.258766201373861,0.25,0.25,21.298932863496514,1.0,True,True,True,True,True,True,True,True,True
event_040,combined,COSMOS2.5_0047,COSMOS2.5,61,forearm,0.5,gripper and forearm deform at sec0 and 1,"The execution is good, but the robot arm becomes too short to be physically plausible.",True,"link4,link5",16.0,93,5.8125,1.25,0.75,"1.25,3.0625",0.75,0.7106899173413377,0.0625,0.4375,2.313761872593714,0.8876404494382022,False,False,True,False,False,True,False,True,True
event_041,combined,COSMOS2.5_0047,COSMOS2.5,61,gripper,0.5,gripper and forearm deform at sec0 and 1,"The execution is good, but the robot arm becomes too short to be physically plausible.",True,link7,16.0,93,5.8125,0.25,0.25,"0.25,1.5625",0.25,7.876587477424348,0.3125,0.1875,14.174415999615471,1.0,True,True,True,True,True,True,True,True,True
event_042,combined,COSMOS2.5_0053,COSMOS2.5,62,upper_arm,0.0,"gripper,forearm,upperarm deform start at sec0","The gripper's right finger deforms while picking up the cube, and the cube becomes soft-tissue-like as it moves toward the drawer. The drawer also deforms and changes appearance while closing. The contact between the gripper and the drawer appears physically misaligned, the drawer seems to close by itself, and the gripper penetrates the drawer. The robot's forearm is also deformed and shortened.",True,"link2,link3",16.0,93,5.8125,1.25,1.25,"1.25,1",1.0,5.617904813515683,1.25,1.25,9.172292091874898,0.20224719101123595,False,False,False,False,False,True,False,False,False
event_043,combined,COSMOS2.5_0053,COSMOS2.5,62,forearm,0.0,"gripper,forearm,upperarm deform start at sec0","The gripper's right finger deforms while picking up the cube, and the cube becomes soft-tissue-like as it moves toward the drawer. The drawer also deforms and changes appearance while closing. The contact between the gripper and the drawer appears physically misaligned, the drawer seems to close by itself, and the gripper penetrates the drawer. The robot's forearm is also deformed and shortened.",True,"link4,link5",16.0,93,5.8125,1.375,1.375,"1.375,5.4375",1.375,1.1726397776830915,0.0625,0.0625,5.418568295341544,0.12359550561797752,False,False,False,False,False,False,True,True,True
event_044,combined,COSMOS2.5_0053,COSMOS2.5,62,gripper,0.0,"gripper,forearm,upperarm deform start at sec0","The gripper's right finger deforms while picking up the cube, and the cube becomes soft-tissue-like as it moves toward the drawer. The drawer also deforms and changes appearance while closing. The contact between the gripper and the drawer appears physically misaligned, the drawer seems to close by itself, and the gripper penetrates the drawer. The robot's forearm is also deformed and shortened.",True,link7,16.0,93,5.8125,1.6875,1.6875,"1.6875,5.5625",1.6875,10.391139858383251,5.625,5.625,16.346786597053942,0.7865168539325843,False,False,False,False,False,False,False,False,False
event_045,combined,COSMOS2.5_0056,COSMOS2.5,63,upper_arm,0.0,"gripper,forearm,upperarm deform start at sec0","The execution is good, but the drawer deforms during closing. The robot arm also deforms and becomes significantly shorter.",True,"link2,link3",16.0,93,5.8125,5.5,5.5,"5.5,3.5625",3.5625,2.9216959348718308,5.6875,5.6875,4.924869466303963,0.7865168539325843,False,False,False,False,False,False,False,False,False
event_046,combined,COSMOS2.5_0056,COSMOS2.5,63,forearm,0.0,"gripper,forearm,upperarm deform start at sec0","The execution is good, but the drawer deforms during closing. The robot arm also deforms and becomes significantly shorter.",True,"link4,link5",16.0,93,5.8125,1.1875,1.1875,"1.1875,5.375",1.1875,3.0500534180020793,1.3125,1.3125,5.460881124230919,0.2696629213483146,False,False,False,False,False,False,False,False,False
event_047,combined,COSMOS2.5_0056,COSMOS2.5,63,gripper,0.0,"gripper,forearm,upperarm deform start at sec0","The execution is good, but the drawer deforms during closing. The robot arm also deforms and becomes significantly shorter.",True,link7,16.0,93,5.8125,0.9375,0.9375,"0.9375,0.3125",0.3125,21.72703145279764,1.0,1.0,34.12735038606421,0.9438202247191011,False,False,True,False,True,True,False,False,True
event_048,combined,COSMOS2.5_0061,COSMOS2.5,64,upper_arm,0.0,"gripper,forearm,upperarm deform start at sec0","Because of poor spatial reasoning, the robot arm first hides the cup from the camera; the object then immediately deforms and appears on the gripper.",True,"link2,link3",16.0,93,5.8125,5.4375,5.4375,"5.4375,1.375",1.375,2.0143811037435833,5.75,5.75,5.438503846197656,0.7865168539325843,False,False,False,False,False,False,False,False,False
event_049,combined,COSMOS2.5_0061,COSMOS2.5,64,forearm,0.0,"gripper,forearm,upperarm deform start at sec0","Because of poor spatial reasoning, the robot arm first hides the cup from the camera; the object then immediately deforms and appears on the gripper.",True,"link4,link5",16.0,93,5.8125,5.4375,5.4375,"5.4375,0.4375",0.4375,0.8538212891071828,0.375,0.375,2.4877862920334204,0.9550561797752809,False,False,False,False,True,True,False,True,True
event_050,combined,COSMOS2.5_0061,COSMOS2.5,64,gripper,0.0,"gripper,forearm,upperarm deform start at sec0","Because of poor spatial reasoning, the robot arm first hides the cup from the camera; the object then immediately deforms and appears on the gripper.",True,link7,16.0,93,5.8125,1.625,1.625,"1.625,0.4375",0.4375,5.254807128926512,1.8125,1.8125,9.351684020506884,0.9887640449438202,False,False,False,False,True,True,False,False,False
event_051,combined,COSMOS2.5_0067,COSMOS2.5,67,gripper,0.0,gripper finger deformation at sec0,The execution matches the prompt exactly.,True,link7,16.0,93,5.8125,0.4375,0.4375,"0.4375,2.5",0.4375,11.611779464079804,0.5,0.5,17.89576330325718,1.0,False,True,True,False,True,True,False,True,True
event_052,combined,COSMOS3_0000,COSMOS3,68,forearm,2.0,minor forearm deformation and gripper deformatoin at sec2,The execution matches the prompt exactly.,True,"link4,link5",24.0,189,7.875,7.625,5.625,"7.625,7.375",5.375,2.6243066362281056,7.833333333333333,5.833333333333333,5.221642740310438,0.8579234972677595,False,False,False,False,False,False,False,False,False
event_053,combined,COSMOS3_0000,COSMOS3,68,gripper,2.0,minor forearm deformation and gripper deformatoin at sec2,The execution matches the prompt exactly.,True,link7,24.0,189,7.875,4.041666666666667,2.041666666666667,"4.04166667,1.75",0.25,4.164671702900577,4.291666666666667,2.291666666666667,7.697623043135451,0.9672131147540983,False,False,False,True,True,True,False,False,False
event_054,combined,COSMOS3_0006,COSMOS3,72,forearm,1.0,gripper and forearm deformation at sec 1,The robot's forearm deforms and becomes significantly lengthen in ratio,True,"link4,link5",24.0,189,7.875,1.7083333333333333,0.7083333333333333,"1.70833333,5.95833333",0.7083333333333333,1.3209253656347035,1.875,0.875,2.4130158794829946,0.9234972677595629,False,False,True,False,False,True,False,False,True
event_055,combined,COSMOS3_0006,COSMOS3,72,gripper,1.0,gripper and forearm deformation at sec 1,The robot's forearm deforms and becomes significantly lengthen in ratio,True,link7,24.0,189,7.875,6.083333333333333,5.083333333333333,"6.08333333,5.75",4.75,9.304324593417494,6.125,5.125,16.895868346849458,0.9453551912568307,False,False,False,False,False,False,False,False,False
event_056,combined,COSMOS3_0014,COSMOS3,73,gripper,1.0,gripper deformation at second1. second gripper deformation at 05,"At the contact point, the gripper penetrate the cup, and then the cup is minorly deformed with green line inside. The robot moves the object farther from the camera instead of lifting it. Wrong goal",True,link7,24.0,189,7.875,3.9583333333333335,2.9583333333333335,"3.95833333,5.33333333",2.9583333333333335,12.112599752304721,0.6666666666666666,0.33333333333333337,55.40657200545976,0.9398907103825137,False,False,False,False,False,False,False,True,True
event_057,combined,COSMOS3_0015,COSMOS3,74,forearm,2.0,gripper deformation at second4. forearm deformation aat second 2,"Both the robot gripper and the object is deformed at the contact point. Due to poor spatial reasoning, the gripper seems to hide the cup from the camera then grab it.  Then gripper then release the cup instead of lifting it, wrong goal. Robot fore arm is also deformed when it approaches the cup.",True,"link4,link5",24.0,189,7.875,7.75,5.75,"7.75,1.125",0.875,0.8694974530525321,7.833333333333333,5.833333333333333,2.3703404806323896,0.9289617486338798,False,False,False,False,False,True,False,False,False
event_058,combined,COSMOS3_0015,COSMOS3,74,gripper,4.0,gripper deformation at second4. forearm deformation aat second 2,"Both the robot gripper and the object is deformed at the contact point. Due to poor spatial reasoning, the gripper seems to hide the cup from the camera then grab it.  Then gripper then release the cup instead of lifting it, wrong goal. Robot fore arm is also deformed when it approaches the cup.",True,link7,24.0,189,7.875,3.5833333333333335,0.4166666666666665,"3.58333333,7.54166667",0.4166666666666665,6.611574534158889,3.7083333333333335,0.2916666666666665,11.719385452395542,1.0,False,True,True,False,True,True,False,True,True
event_059,combined,COSMOS3_0020,COSMOS3,75,gripper,1.0,gripper deformation at second1. ,Banana is duplicated when the robot picked it. Wrong goal because robot released it,True,link7,24.0,189,7.875,5.708333333333333,4.708333333333333,"5.70833333,7.79166667",4.708333333333333,17.94987751437767,5.75,4.75,22.24279579810157,0.825136612021858,False,False,False,False,False,False,False,False,False
event_060,combined,COSMOS3_0024,COSMOS3,76,gripper,0.75,the gripper deform at second half of second 0 to sec1,"Gripper deformed to contain a white object, rest execution is fine",True,link7,24.0,189,7.875,5.083333333333333,4.333333333333333,"5.08333333,1.41666667",0.6666666666666667,11.767299900098418,1.4583333333333333,0.7083333333333333,17.721921168950264,0.9344262295081968,False,False,False,False,False,True,False,False,True
event_061,combined,COSMOS3_0027,COSMOS3,77,gripper,5.0,the gripper deform at start of second5,"After finishing the task, the gripper contacts the object again, and then the object is magically duplicated.",True,link7,24.0,189,7.875,5.833333333333333,0.833333333333333,"5.83333333,6.08333333",0.833333333333333,12.36828966572391,6.125,1.125,29.27193192485827,0.912568306010929,False,False,True,False,False,True,False,False,False
event_062,combined,COSMOS3_0028,COSMOS3,78,forearm,0.75,the gripper and forearm deform at second half of second 0,"Wrong goal, te robot lift the move the tap outward rather than inward. Severe deformation at the gripper, causing the contact point to be unclear.",True,"link4,link5",24.0,189,7.875,7.833333333333333,7.083333333333333,"7.83333333,6.16666667",5.416666666666667,0.45539422921706496,7.833333333333333,7.083333333333333,2.0829340480930996,0.9836065573770492,False,False,False,False,False,False,False,False,False
event_063,combined,COSMOS3_0028,COSMOS3,78,gripper,0.75,the gripper and forearm deform at second half of second 0,"Wrong goal, te robot lift the move the tap outward rather than inward. Severe deformation at the gripper, causing the contact point to be unclear.",True,link7,24.0,189,7.875,0.9166666666666666,0.16666666666666663,"0.916666667,7.33333333",0.16666666666666663,4.445404578379858,0.9166666666666666,0.16666666666666663,8.42956702925095,1.0,True,True,True,True,True,True,True,True,True
event_064,combined,COSMOS3_0031,COSMOS3,79,gripper,1.0,the gripper deform at start of second1,"Wrong goal, the gripper is now picking the brown cap and breaking down the object. The gripper is deformed, and the wrong action causing the object to also deform. Also the gripper doesn't properly/sufficiently grab the object but still creative effective, wrong contact dynamics",True,link7,24.0,189,7.875,0.2916666666666667,0.7083333333333333,"0.291666667,4.125",0.7083333333333333,6.878840964278085,0.3333333333333333,0.6666666666666667,16.188439810133765,0.8142076502732241,False,False,True,False,False,True,False,False,True
event_065,combined,COSMOS3_0042,COSMOS3,81,upper_arm,0.75,"gripper,forearm,upperarm deform start at second half of sec0",The goal is incorrect because the gripper picks up the brown cap and breaks the object; the incorrect action also causes the object to deform.,True,"link2,link3",24.0,189,7.875,7.708333333333333,6.958333333333333,"7.70833333,0.625",0.125,1.0380488483208128,7.833333333333333,7.083333333333333,2.6696534606235525,0.9890710382513661,False,False,False,True,True,True,False,False,False
event_066,combined,COSMOS3_0042,COSMOS3,81,forearm,0.75,"gripper,forearm,upperarm deform start at second half of sec0",The goal is incorrect because the gripper picks up the brown cap and breaks the object; the incorrect action also causes the object to deform.,True,"link4,link5",24.0,189,7.875,1.0833333333333333,0.33333333333333326,"1.08333333,7.58333333",0.33333333333333326,1.3378992855941778,6.166666666666667,5.416666666666667,3.5050327899949316,1.0,False,True,True,False,True,True,False,False,False
event_067,combined,COSMOS3_0042,COSMOS3,81,gripper,0.75,"gripper,forearm,upperarm deform start at second half of sec0",The goal is incorrect because the gripper picks up the brown cap and breaks the object; the incorrect action also causes the object to deform.,True,link7,24.0,189,7.875,7.541666666666667,6.791666666666667,"7.54166667,6.625",5.875,14.598407639838257,7.75,7.0,38.682858387450665,0.825136612021858,False,False,False,False,False,False,False,False,False
event_068,combined,COSMOS3_0047,COSMOS3,82,upper_arm,1.0,"gripper,forearm,upperarm deform start at  sec1","The gripper is deformed, and one gripper finger disappears. At the contact point, the manipulated object also deforms and begins to shine.",True,"link2,link3",24.0,189,7.875,7.708333333333333,6.708333333333333,"7.70833333,1.08333333",0.08333333333333326,0.5875906409350468,0.4166666666666667,0.5833333333333333,1.537696397122078,0.9617486338797814,False,False,False,True,True,True,False,False,True
event_069,combined,COSMOS3_0047,COSMOS3,82,forearm,1.0,"gripper,forearm,upperarm deform start at  sec1","The gripper is deformed, and one gripper finger disappears. At the contact point, the manipulated object also deforms and begins to shine.",True,"link4,link5",24.0,189,7.875,5.666666666666667,4.666666666666667,"5.66666667,7.54166667",4.666666666666667,0.3288882364914987,0.3333333333333333,0.6666666666666667,1.9652051567819997,0.9344262295081968,False,False,False,False,False,False,False,False,True
event_070,combined,COSMOS3_0047,COSMOS3,82,gripper,1.0,"gripper,forearm,upperarm deform start at  sec1","The gripper is deformed, and one gripper finger disappears. At the contact point, the manipulated object also deforms and begins to shine.",True,link7,24.0,189,7.875,1.0416666666666667,0.04166666666666674,"1.04166667,7.58333333",0.04166666666666674,5.948624099034143,1.4583333333333333,0.45833333333333326,10.126693869686795,1.0,True,True,True,True,True,True,False,True,True
event_071,combined,COSMOS3_0048,COSMOS3,83,upper_arm,0.75,"gripper,forearm,upperarm deform start at second half of sec0","The robot grasps the banana, but it closes the drawer before trying to release the banana. It then attempts to insert the banana into the drawer, causing object deformation and object-environment penetration.",True,"link2,link3",24.0,189,7.875,7.541666666666667,6.791666666666667,"7.54166667,3.79166667",3.0416666666666665,1.0329222664228186,0.041666666666666664,0.7083333333333334,2.708389064606488,0.8743169398907104,False,False,False,False,False,False,False,False,True
event_072,combined,COSMOS3_0048,COSMOS3,83,forearm,0.75,"gripper,forearm,upperarm deform start at second half of sec0","The robot grasps the banana, but it closes the drawer before trying to release the banana. It then attempts to insert the banana into the drawer, causing object deformation and object-environment penetration.",True,"link4,link5",24.0,189,7.875,1.0833333333333333,0.33333333333333326,"1.08333333,4.75",0.33333333333333326,1.9595521881475495,1.125,0.375,3.5960031370384535,1.0,False,True,True,False,True,True,False,True,True
event_073,combined,COSMOS3_0048,COSMOS3,83,gripper,0.75,"gripper,forearm,upperarm deform start at second half of sec0","The robot grasps the banana, but it closes the drawer before trying to release the banana. It then attempts to insert the banana into the drawer, causing object deformation and object-environment penetration.",True,link7,24.0,189,7.875,3.625,2.875,"3.625,7.33333333",2.875,5.823500706077686,1.0416666666666667,0.29166666666666674,18.581129998438804,0.8415300546448088,False,False,False,False,False,False,False,True,True
event_074,combined,COSMOS3_0049,COSMOS3,84,forearm,1.0,"gripper,forearm deform start at  sec1",The task is incomplete because the drawer is not closed after the release. The banana penetrates the drawer as the robot releases it into the drawer.,True,"link4,link5",24.0,189,7.875,7.666666666666667,6.666666666666667,"7.66666667,5.70833333",4.708333333333333,1.2980414999965264,6.208333333333333,5.208333333333333,2.899699807500597,0.8306010928961749,False,False,False,False,False,False,False,False,False
event_075,combined,COSMOS3_0049,COSMOS3,84,gripper,1.0,"gripper,forearm deform start at  sec1",The task is incomplete because the drawer is not closed after the release. The banana penetrates the drawer as the robot releases it into the drawer.,True,link7,24.0,189,7.875,4.833333333333333,3.833333333333333,"4.83333333,7.45833333",3.833333333333333,19.2664046400273,4.833333333333333,3.833333333333333,28.311478639578702,0.9508196721311475,False,False,False,False,False,False,False,False,False
event_076,combined,COSMOS3_0051,COSMOS3,86,forearm,1.0,"gripper, forearm deform at sec1","The task is incomplete because the drawer is not closed after the banana is placed inside. At the contact point, the gripper's grasp on the banana is not physically reasonable. The banana also deforms after being lifted.",True,"link4,link5",24.0,189,7.875,4.083333333333333,3.083333333333333,"4.08333333,1.125",0.125,1.450754804069252,4.125,3.125,3.1625721651318672,0.994535519125683,False,False,False,True,True,True,False,False,False
event_077,combined,COSMOS3_0051,COSMOS3,86,gripper,1.0,"gripper, forearm deform at sec1","The task is incomplete because the drawer is not closed after the banana is placed inside. At the contact point, the gripper's grasp on the banana is not physically reasonable. The banana also deforms after being lifted.",True,link7,24.0,189,7.875,7.833333333333333,6.833333333333333,"7.83333333,6",5.0,30.010842381570768,7.833333333333333,6.833333333333333,42.5784635963213,0.8142076502732241,False,False,False,False,False,False,False,False,False
event_078,combined,COSMOS3_0052,COSMOS3,87,forearm,1.0,"gripper, forearm deform at sec1",The task is incomplete because the drawer is not closed after the banana is placed inside. The banana penetrates the drawer when it is released into the drawer.,True,"link4,link5",24.0,189,7.875,4.958333333333333,3.958333333333333,"4.95833333,1.83333333",0.8333333333333333,2.0357637818250236,5.083333333333333,4.083333333333333,3.79574990197288,0.639344262295082,False,False,False,False,False,True,False,False,False
event_079,combined,COSMOS3_0052,COSMOS3,87,gripper,1.0,"gripper, forearm deform at sec1",The task is incomplete because the drawer is not closed after the banana is placed inside. The banana penetrates the drawer when it is released into the drawer.,True,link7,24.0,189,7.875,0.2916666666666667,0.7083333333333333,"0.291666667,4.83333333",0.7083333333333333,13.275977508683367,0.3333333333333333,0.6666666666666667,16.22064055745724,0.9562841530054644,False,False,True,False,False,True,False,False,True
event_080,combined,COSMOS3_0053,COSMOS3,88,forearm,1.0,"gripper, forearm deform at sec1","The gripper deforms into a white block. At the contact point, both the gripper finger and the object deform. The task is incomplete because the drawer is not closed after the release.",True,"link4,link5",24.0,189,7.875,3.9166666666666665,2.9166666666666665,"3.91666667,7.66666667",2.9166666666666665,1.9052772783546676,0.20833333333333334,0.7916666666666666,4.027632610061931,0.5409836065573771,False,False,False,False,False,False,False,False,True
event_081,combined,COSMOS3_0053,COSMOS3,88,gripper,1.0,"gripper, forearm deform at sec1","The gripper deforms into a white block. At the contact point, both the gripper finger and the object deform. The task is incomplete because the drawer is not closed after the release.",True,link7,24.0,189,7.875,5.541666666666667,4.541666666666667,"5.54166667,0.875",0.125,8.55134121833543,5.916666666666667,4.916666666666667,16.934059885930758,0.9836065573770492,False,False,False,True,True,True,False,False,False
event_082,combined,COSMOS3_0056,COSMOS3,90,forearm,0.75,"gripper, forearm deform at second half of sec0","The task is incomplete because the robot does not close the drawer. As the gripper approaches the cube, it penetrates the drawer.",True,"link4,link5",24.0,189,7.875,5.625,4.875,"5.625,5.375",4.625,14.420878000906779,5.833333333333333,5.083333333333333,25.59982178559315,0.7978142076502732,False,False,False,False,False,False,False,False,False
event_083,combined,COSMOS3_0056,COSMOS3,90,gripper,0.75,"gripper, forearm deform at second half of sec0","The task is incomplete because the robot does not close the drawer. As the gripper approaches the cube, it penetrates the drawer.",True,link7,24.0,189,7.875,1.8333333333333333,1.0833333333333333,"1.83333333,7.625",1.0833333333333333,26.03179558761366,3.2916666666666665,2.5416666666666665,45.953420585321105,0.9016393442622951,False,False,False,False,False,False,False,False,False
event_084,combined,COSMOS3_0057,COSMOS3,91,gripper,1.0,gripper deform at sec1,The robot gripper deforms into a blue triangular shape. The task is incomplete because the robot does not close the drawer.,False,,24.0,189,7.875,,,,,,,,,,,,,,,,,,
event_085,combined,COSMOS3_0060,COSMOS3,92,forearm,5.0,"gripper deform at sec0, forearm deform at sec5",The forearm is deformed/shortened. The contact is not physically plausible because the gripper does not choose the correct contact point.,True,"link4,link5",24.0,189,7.875,7.791666666666667,2.791666666666667,"7.79166667,1.08333333",2.791666666666667,1.9988281534045007,3.9583333333333335,1.0416666666666665,3.9029390864287614,0.907103825136612,False,False,False,False,False,False,False,False,False
event_086,combined,COSMOS3_0060,COSMOS3,92,gripper,0.0,"gripper deform at sec0, forearm deform at sec5",The forearm is deformed/shortened. The contact is not physically plausible because the gripper does not choose the correct contact point.,True,link7,24.0,189,7.875,7.833333333333333,7.833333333333333,"7.83333333,7.41666667",7.416666666666667,5.96115877169767,7.833333333333333,7.833333333333333,14.374036941984341,0.4098360655737705,False,False,False,False,False,False,False,False,False
event_001,single,LVP_ROBOWM_0011,LVP_ROBOWM,7,forearm,3.0,minor gripper finger and forearm deformation at sec3,"The gripper only contacts the middle of the cup without forming a valid grasp, but the cup is still lifted as if it were stuck to the gripper. Also the cup deforms unnaturally.",True,link5,16.0,49,3.0625,1.125,1.875,"1.125,1.375",1.625,1.563696772602829,1.1875,1.8125,2.4761152890748925,0.7555555555555555,False,False,False,False,False,False,False,False,False
event_002,single,LVP_ROBOWM_0011,LVP_ROBOWM,7,gripper,3.0,minor gripper finger and forearm deformation at sec3,"The gripper only contacts the middle of the cup without forming a valid grasp, but the cup is still lifted as if it were stuck to the gripper. Also the cup deforms unnaturally.",True,link7,16.0,49,3.0625,2.25,0.75,"2.25,1.25",0.75,7.835435052050322,2.25,0.75,24.758538586848665,0.4444444444444444,False,False,True,False,False,True,False,False,True
event_003,single,LVP_ROBOWM_0013,LVP_ROBOWM,8,forearm,1.0,forearm deformation at sec 1,The robot picks up the middle of the cup.,True,link5,16.0,49,3.0625,1.125,0.125,"1.125,1.625",0.125,0.989951601014407,1.75,0.75,3.015325777330163,1.0,True,True,True,True,True,True,False,False,True
event_004,single,LVP_ROBOWM_0024,LVP_ROBOWM,13,gripper,2.0,minor gripper deformation at sec2,"The gripper geometry changes unnaturally during the motion: the black and white finger parts, which are initially together, separate later in the video. The yellow cube also deforms/changes shape unnaturally.",True,link7,16.0,49,3.0625,2.75,0.75,"2.75,1.1875",0.75,9.897923588751794,2.75,0.75,13.42956364817345,0.6666666666666666,False,False,True,False,False,True,False,False,True
event_005,single,LVP_ROBOWM_0025,LVP_ROBOWM,14,gripper,2.0,minor gripper deformation at sec2,Both the robot arm and the cube deform during the process.,True,link7,16.0,49,3.0625,2.875,0.875,"2.875,2.25",0.25,6.050241619928112,2.9375,0.9375,9.844919929196479,0.9111111111111111,False,False,True,True,True,True,False,False,True
event_006,single,LVP_ROBOWM_0033,LVP_ROBOWM,20,forearm,0.0,"gripper, forearm deform at sec0","The robot arm front-end changes thickness, and the cube deforms unnaturally. The intended action is to push the object away, but the robot instead moves it inward, indicating a wrong goal.",True,link5,16.0,49,3.0625,3.0,3.0,"3,1.1875",1.1875,1.0842174815225007,0.0625,0.0625,3.4062824182074056,0.6666666666666666,False,False,False,False,False,False,True,True,True
event_007,single,LVP_ROBOWM_0033,LVP_ROBOWM,20,gripper,0.0,"gripper, forearm deform at sec0","The robot arm front-end changes thickness, and the cube deforms unnaturally. The intended action is to push the object away, but the robot instead moves it inward, indicating a wrong goal.",True,link7,16.0,49,3.0625,2.75,2.75,"2.75,2.0625",2.0625,3.401844467974941,0.0625,0.0625,18.731743838339085,0.1111111111111111,False,False,False,False,False,False,True,True,True
event_008,single,LVP_ROBOWM_0040,LVP_ROBOWM,23,gripper,2.0,"minor deformation, gripper finger disappear at sec2","The contact point is incorrect, and the box deforms and moves in the wrong direction.",True,link7,16.0,49,3.0625,2.6875,0.6875,"2.6875,1.125",0.6875,0.827444194902422,0.0625,1.9375,6.821202831855074,0.9111111111111111,False,False,True,False,False,True,False,False,False
event_009,single,LVP_ROBOWM_0042,LVP_ROBOWM,24,forearm,1.0,"deformation at sec1, forearm deformation and gripper disappear",The box deforms during the process.,True,link5,16.0,49,3.0625,2.8125,1.8125,"2.8125,0.375",0.625,1.053342677725682,0.5625,0.4375,4.038895556133189,0.9111111111111111,False,False,False,False,False,True,False,True,True
event_010,single,LVP_ROBOWM_0042,LVP_ROBOWM,24,gripper,1.0,"deformation at sec1, forearm deformation and gripper disappear",The box deforms during the process.,False,,16.0,49,3.0625,,,,,,,,,,,,,,,,,,
event_011,single,LVP_ROBOWM_0043,LVP_ROBOWM,25,forearm,1.0,"deformation at sec1, forearm deformation and gripper finger",The robot does not close its gripper.,True,link5,16.0,49,3.0625,2.875,1.875,"2.875,1.875",0.875,0.4493955423139089,0.1875,0.8125,2.588251250986628,0.4222222222222222,False,False,False,False,False,True,False,False,True
event_012,single,LVP_ROBOWM_0043,LVP_ROBOWM,25,gripper,1.0,"deformation at sec1, forearm deformation and gripper finger",The robot does not close its gripper.,True,link7,16.0,49,3.0625,0.4375,0.5625,"0.4375,2.4375",0.5625,3.4284663491053804,0.625,0.375,6.587255758005327,0.9555555555555556,False,False,True,False,False,True,False,True,True
event_013,single,LVP_ROBOWM_0046,LVP_ROBOWM,27,gripper,2.0,gripper finger disappear/deform at sec2,"The front-end changes its shape, and the robot arm bends unnaturally.",True,link7,16.0,49,3.0625,0.5625,1.4375,"0.5625,1.75",0.25,3.3627697581530223,0.75,1.25,9.858610483559573,0.9111111111111111,False,False,False,True,True,True,False,False,False
event_014,single,LVP_ROBOWM_0049,LVP_ROBOWM,29,forearm,1.0,gripper and forearm has severe deformation at sec1,"The robot front end deforms suddenly. The banana partially penetrates the drawer but is not successfully placed inside, so the task remains incomplete.",True,link5,16.0,49,3.0625,1.1875,0.1875,"1.1875,1.4375",0.1875,1.7822523813358049,1.25,0.25,3.1447283544713533,1.0,True,True,True,True,True,True,True,True,True
event_015,single,LVP_ROBOWM_0049,LVP_ROBOWM,29,gripper,1.0,gripper and forearm has severe deformation at sec1,"The robot front end deforms suddenly. The banana partially penetrates the drawer but is not successfully placed inside, so the task remains incomplete.",True,link7,16.0,49,3.0625,2.375,1.375,"2.375,3",1.375,19.85153129331331,0.375,0.625,42.17318792013761,0.7555555555555555,False,False,False,False,False,False,False,False,True
event_016,single,LVP_ROBOWM_0051,LVP_ROBOWM,30,gripper,1.0,gripper deform at sec1,The banana is lifted without a valid grasp and then penetrates through the drawer geometry instead of being placed through the opening. The robot subsequently closes the drawer. Moreover the robot arm bends unnaturally.,False,,16.0,49,3.0625,,,,,,,,,,,,,,,,,,
event_017,single,LVP_ROBOWM_0057,LVP_ROBOWM,32,forearm,2.0,"gripper deform at sec1, forearm deform at sec2","The robot picks up the cube but places it back on the table instead of putting it into the drawer. The cube deforms during the motion, and the robot arm also undergoes visible deformation before closing the drawer.",True,link5,16.0,49,3.0625,2.9375,0.9375,"2.9375,1.4375",0.5625,2.035162093866365,0.0625,1.9375,4.491736446561212,0.8666666666666667,False,False,True,False,False,True,False,False,False
event_018,single,LVP_ROBOWM_0057,LVP_ROBOWM,32,gripper,1.0,"gripper deform at sec1, forearm deform at sec2","The robot picks up the cube but places it back on the table instead of putting it into the drawer. The cube deforms during the motion, and the robot arm also undergoes visible deformation before closing the drawer.",False,,16.0,49,3.0625,,,,,,,,,,,,,,,,,,
event_019,single,LVP_ROBOWM_0059,LVP_ROBOWM,33,forearm,2.0,"gripper deform at begin of sec1, forearm deform at end of sec 1","The robot arm bends unnaturally, and the gripper changes its shape and length after reaching the cup.",True,link5,16.0,49,3.0625,1.1875,0.8125,"1.1875,2.4375",0.4375,2.241342409783403,1.1875,0.8125,3.718882539742149,0.8666666666666667,False,False,True,False,True,True,False,False,True
event_020,single,LVP_ROBOWM_0059,LVP_ROBOWM,33,gripper,1.0,"gripper deform at begin of sec1, forearm deform at end of sec 1","The robot arm bends unnaturally, and the gripper changes its shape and length after reaching the cup.",True,link7,16.0,49,3.0625,2.9375,1.9375,"2.9375,1.25",0.25,0.6209882381232893,0.1875,0.8125,1.523213563028747,0.8888888888888888,False,False,False,True,True,True,False,False,True
event_021,single,COSMOS2.5_0003,COSMOS2.5,37,upper_arm,0.0,deform at sec0,"The forearm deforms and becomes much shorter while picking up the object, and the yellow cube penetrates the bin while moving inward.",True,link2,16.0,93,5.8125,1.5625,1.5625,"1.5625,4.625",1.5625,0.9820451050236995,0.0625,0.0625,5.244592107151787,0.3258426966292135,False,False,False,False,False,False,True,True,True
event_022,single,COSMOS2.5_0003,COSMOS2.5,37,forearm,0.0,deform at sec0,"The forearm deforms and becomes much shorter while picking up the object, and the yellow cube penetrates the bin while moving inward.",True,link5,16.0,93,5.8125,1.5625,1.5625,"1.5625,2",1.5625,6.604527350166548,2.0,2.0,12.653330481456969,0.8764044943820225,False,False,False,False,False,False,False,False,False
event_023,single,COSMOS2.5_0003,COSMOS2.5,37,gripper,0.0,deform at sec0,"The forearm deforms and becomes much shorter while picking up the object, and the yellow cube penetrates the bin while moving inward.",True,link7,16.0,93,5.8125,2.6875,2.6875,"2.6875,3.5625",2.6875,9.695842874059949,3.5625,3.5625,29.810499341639105,0.9325842696629213,False,False,False,False,False,False,False,False,False
event_024,single,COSMOS2.5_0008,COSMOS2.5,39,forearm,1.0,gripper deform at sec0. forearm at sec1,"The robot arm becomes significantly shorter after it begins moving. The gripper penetrates the cup, and the cup deforms and briefly appears soft. The gripper also fails to release the cup, which remains stuck to it.",True,link5,16.0,93,5.8125,1.5625,0.5625,"1.5625,2.9375",0.5625,3.4558584453640284,1.9375,0.9375,5.5822541203690745,0.9662921348314607,False,False,True,False,False,True,False,False,True
event_025,single,COSMOS2.5_0008,COSMOS2.5,39,gripper,0.0,gripper deform at sec0. forearm at sec1,"The robot arm becomes significantly shorter after it begins moving. The gripper penetrates the cup, and the cup deforms and briefly appears soft. The gripper also fails to release the cup, which remains stuck to it.",True,link7,16.0,93,5.8125,0.875,0.875,"0.875,2",0.875,6.774491864127157,0.875,0.875,19.419191624933294,0.5955056179775281,False,False,True,False,False,True,False,False,True
event_026,single,COSMOS2.5_0009,COSMOS2.5,40,forearm,1.0,gripper finger deform at sec0. forearm deform at sec1,"The gripper fails to release the cup, and minor penetration occurs as the cup enters the bin.",True,link5,16.0,93,5.8125,1.0625,0.0625,"1.0625,2.8125",0.0625,1.868480279534489,2.875,1.875,2.6980655015119437,1.0,True,True,True,True,True,True,False,False,False
event_027,single,COSMOS2.5_0009,COSMOS2.5,40,gripper,0.0,gripper finger deform at sec0. forearm deform at sec1,"The gripper fails to release the cup, and minor penetration occurs as the cup enters the bin.",True,link7,16.0,93,5.8125,5.0625,5.0625,"5.0625,0.3125",0.3125,19.640418029850345,5.0625,5.0625,32.31014114984985,0.9550561797752809,False,False,False,False,True,True,False,False,False
event_028,single,COSMOS2.5_0010,COSMOS2.5,41,forearm,1.0,gripper deform at sec0. forearm at sec1,The cup penetrates the bin and remains stuck to the gripper instead of being released.,True,link5,16.0,93,5.8125,0.875,0.125,"0.875,2.875",0.125,3.0433312540454276,0.9375,0.0625,6.382841661266943,1.0,True,True,True,True,True,True,True,True,True
event_029,single,COSMOS2.5_0010,COSMOS2.5,41,gripper,0.0,gripper deform at sec0. forearm at sec1,The cup penetrates the bin and remains stuck to the gripper instead of being released.,True,link7,16.0,93,5.8125,1.625,1.625,"1.625,4.25",1.625,4.2847590995717235,1.6875,1.6875,11.285750633384765,0.651685393258427,False,False,False,False,False,False,False,False,False
event_030,single,COSMOS2.5_0017,COSMOS2.5,44,gripper,1.0,minor deform at sec1,"Because of poor spatial reasoning, the gripper falls short of reaching the correct top contact point on the cup, but the cup deforms to move itself toward the gripper.",True,link7,16.0,93,5.8125,0.4375,0.5625,"0.4375,2.75",0.5625,2.475398224143884,0.5625,0.4375,6.927308864459171,0.9887640449438202,False,False,True,False,False,True,False,True,True
event_031,single,COSMOS2.5_0027,COSMOS2.5,49,forearm,1.0,deformation at sec 1. forearm and gripper finger,"The robot's forearm is slightly deformed/bent, and the task is incomplete: the gripper grasps the object but stops midway through lifting it.",True,link5,16.0,93,5.8125,2.625,1.625,"2.625,5.5625",1.625,0.489635952766622,0.4375,0.5625,1.461419725106495,0.8426966292134831,False,False,False,False,False,False,False,False,True
event_032,single,COSMOS2.5_0027,COSMOS2.5,49,gripper,1.0,deformation at sec 1. forearm and gripper finger,"The robot's forearm is slightly deformed/bent, and the task is incomplete: the gripper grasps the object but stops midway through lifting it.",True,link7,16.0,93,5.8125,0.3125,0.6875,"0.3125,5.5",0.6875,12.859774268350897,0.4375,0.5625,15.765369635864786,0.9101123595505618,False,False,True,False,False,True,False,False,True
event_033,single,COSMOS2.5_0032,COSMOS2.5,52,gripper,1.0,"gripper deformation, finger and palm at sec1","The middle joint of the robot arm deforms. At the contact point, the object moves toward the gripper by itself; when they touch, the cube deforms instead of moving. The goal is incorrect.",True,link7,16.0,93,5.8125,2.5,1.5,"2.5,4.0625",1.5,3.349452621556075,4.1875,3.1875,7.208673814199488,0.8426966292134831,False,False,False,False,False,False,False,False,False
event_034,single,COSMOS2.5_0033,COSMOS2.5,53,gripper,1.0,minor gripper deformation at sec1,The execution matches the prompt exactly.,True,link7,16.0,93,5.8125,1.6875,0.6875,"1.6875,2.375",0.6875,5.210519837735365,0.4375,0.5625,12.213361986914105,0.8876404494382022,False,False,True,False,False,True,False,False,True
event_035,single,COSMOS2.5_0036,COSMOS2.5,56,gripper,1.0,gripper deformation at sec1,"As the gripper approaches the object, the gripper deforms into a new color/form. The object then moves by itself toward the gripper and sticks to it. The gripper does not follow the intended direction and does not move the object in any meaningful direction.",True,link7,16.0,93,5.8125,1.25,0.25,"1.25,1",0.0,4.760279512207374,1.25,0.25,10.036655641528325,1.0,True,True,True,True,True,True,True,True,True
event_036,single,COSMOS2.5_0038,COSMOS2.5,57,forearm,1.0,gripper deform at sec1 then sec3. forearm deform at sec1,"The object moves by itself toward the gripper, and the gripper's contact with it is not physically plausible. The goal is incorrect because the object is pushed farther from the camera rather than away from the robot.",True,link5,16.0,93,5.8125,0.375,0.625,"0.375,3.9375",0.625,0.3641978246724584,0.4375,0.5625,1.2221180685625164,0.9213483146067416,False,False,True,False,False,True,False,False,True
event_037,single,COSMOS2.5_0038,COSMOS2.5,57,gripper,1.0,gripper deform at sec1 then sec3. forearm deform at sec1,"The object moves by itself toward the gripper, and the gripper's contact with it is not physically plausible. The goal is incorrect because the object is pushed farther from the camera rather than away from the robot.",True,link7,16.0,93,5.8125,1.125,0.125,"1.125,3.625",0.125,3.3543922015173058,3.625,2.625,7.401020422938615,1.0,True,True,True,True,True,True,False,False,False
event_038,single,COSMOS2.5_0038,COSMOS2.5,57,gripper,3.0,gripper deform at sec1 then sec3. forearm deform at sec1,"The object moves by itself toward the gripper, and the gripper's contact with it is not physically plausible. The goal is incorrect because the object is pushed farther from the camera rather than away from the robot.",True,link7,16.0,93,5.8125,1.125,1.875,"1.125,3.625",0.625,3.3543922015173058,3.625,0.625,7.401020422938615,0.898876404494382,False,False,False,False,False,True,False,False,True
event_039,single,COSMOS2.5_0046,COSMOS2.5,60,gripper,0.0,gripper finger deformation at sec0,The yellow button moves toward the gripper by itself; the rest of the execution is fine.,True,link7,16.0,93,5.8125,0.25,0.25,"0.25,1.125",0.25,9.258766201373861,0.25,0.25,21.298932863496514,1.0,True,True,True,True,True,True,True,True,True
event_040,single,COSMOS2.5_0047,COSMOS2.5,61,forearm,0.5,gripper and forearm deform at sec0 and 1,"The execution is good, but the robot arm becomes too short to be physically plausible.",True,link5,16.0,93,5.8125,1.25,0.75,"1.25,1",0.5,1.1978177992773733,1.3125,0.8125,2.396173669405841,0.9325842696629213,False,False,True,False,True,True,False,False,True
event_041,single,COSMOS2.5_0047,COSMOS2.5,61,gripper,0.5,gripper and forearm deform at sec0 and 1,"The execution is good, but the robot arm becomes too short to be physically plausible.",True,link7,16.0,93,5.8125,0.25,0.25,"0.25,1.5625",0.25,7.876587477424348,0.3125,0.1875,14.174415999615471,1.0,True,True,True,True,True,True,True,True,True
event_042,single,COSMOS2.5_0053,COSMOS2.5,62,upper_arm,0.0,"gripper,forearm,upperarm deform start at sec0","The gripper's right finger deforms while picking up the cube, and the cube becomes soft-tissue-like as it moves toward the drawer. The drawer also deforms and changes appearance while closing. The contact between the gripper and the drawer appears physically misaligned, the drawer seems to close by itself, and the gripper penetrates the drawer. The robot's forearm is also deformed and shortened.",True,link2,16.0,93,5.8125,1.25,1.25,"1.25,1",1.0,9.637582611355093,1.25,1.25,15.566352632564463,0.21348314606741572,False,False,False,False,False,True,False,False,False
event_043,single,COSMOS2.5_0053,COSMOS2.5,62,forearm,0.0,"gripper,forearm,upperarm deform start at sec0","The gripper's right finger deforms while picking up the cube, and the cube becomes soft-tissue-like as it moves toward the drawer. The drawer also deforms and changes appearance while closing. The contact between the gripper and the drawer appears physically misaligned, the drawer seems to close by itself, and the gripper penetrates the drawer. The robot's forearm is also deformed and shortened.",True,link5,16.0,93,5.8125,2.0625,2.0625,"2.0625,2.8125",2.0625,1.442281136699418,2.0625,2.0625,4.144026382321416,0.11235955056179775,False,False,False,False,False,False,False,False,False
event_044,single,COSMOS2.5_0053,COSMOS2.5,62,gripper,0.0,"gripper,forearm,upperarm deform start at sec0","The gripper's right finger deforms while picking up the cube, and the cube becomes soft-tissue-like as it moves toward the drawer. The drawer also deforms and changes appearance while closing. The contact between the gripper and the drawer appears physically misaligned, the drawer seems to close by itself, and the gripper penetrates the drawer. The robot's forearm is also deformed and shortened.",True,link7,16.0,93,5.8125,1.6875,1.6875,"1.6875,5.5625",1.6875,10.391139858383251,5.625,5.625,16.346786597053942,0.7865168539325843,False,False,False,False,False,False,False,False,False
event_045,single,COSMOS2.5_0056,COSMOS2.5,63,upper_arm,0.0,"gripper,forearm,upperarm deform start at sec0","The execution is good, but the drawer deforms during closing. The robot arm also deforms and becomes significantly shorter.",True,link2,16.0,93,5.8125,5.5625,5.5625,"5.5625,0.25",0.25,3.5514169295852636,5.75,5.75,5.677427771056858,0.9213483146067416,False,False,False,True,True,True,False,False,False
event_046,single,COSMOS2.5_0056,COSMOS2.5,63,forearm,0.0,"gripper,forearm,upperarm deform start at sec0","The execution is good, but the drawer deforms during closing. The robot arm also deforms and becomes significantly shorter.",True,link5,16.0,93,5.8125,1.3125,1.3125,"1.3125,3.125",1.3125,1.1420828383791393,0.0625,0.0625,2.826247267291805,0.11235955056179775,False,False,False,False,False,False,True,True,True
event_047,single,COSMOS2.5_0056,COSMOS2.5,63,gripper,0.0,"gripper,forearm,upperarm deform start at sec0","The execution is good, but the drawer deforms during closing. The robot arm also deforms and becomes significantly shorter.",True,link7,16.0,93,5.8125,0.9375,0.9375,"0.9375,0.3125",0.3125,21.72703145279764,1.0,1.0,34.12735038606421,0.9438202247191011,False,False,True,False,True,True,False,False,True
event_048,single,COSMOS2.5_0061,COSMOS2.5,64,upper_arm,0.0,"gripper,forearm,upperarm deform start at sec0","Because of poor spatial reasoning, the robot arm first hides the cup from the camera; the object then immediately deforms and appears on the gripper.",True,link2,16.0,93,5.8125,1.375,1.375,"1.375,5.4375",1.375,2.355430921264783,5.75,5.75,3.754027077056873,0.7752808988764045,False,False,False,False,False,False,False,False,False
event_049,single,COSMOS2.5_0061,COSMOS2.5,64,forearm,0.0,"gripper,forearm,upperarm deform start at sec0","Because of poor spatial reasoning, the robot arm first hides the cup from the camera; the object then immediately deforms and appears on the gripper.",True,link5,16.0,93,5.8125,0.4375,0.4375,"0.4375,5.5",0.4375,1.1573470151836789,0.4375,0.4375,2.394762461876445,1.0,False,True,True,False,True,True,False,True,True
event_050,single,COSMOS2.5_0061,COSMOS2.5,64,gripper,0.0,"gripper,forearm,upperarm deform start at sec0","Because of poor spatial reasoning, the robot arm first hides the cup from the camera; the object then immediately deforms and appears on the gripper.",True,link7,16.0,93,5.8125,1.625,1.625,"1.625,0.4375",0.4375,5.254807128926512,1.8125,1.8125,9.351684020506884,0.9887640449438202,False,False,False,False,True,True,False,False,False
event_051,single,COSMOS2.5_0067,COSMOS2.5,67,gripper,0.0,gripper finger deformation at sec0,The execution matches the prompt exactly.,True,link7,16.0,93,5.8125,0.4375,0.4375,"0.4375,2.5",0.4375,11.611779464079804,0.5,0.5,17.89576330325718,1.0,False,True,True,False,True,True,False,True,True
event_052,single,COSMOS3_0000,COSMOS3,68,forearm,2.0,minor forearm deformation and gripper deformatoin at sec2,The execution matches the prompt exactly.,True,link5,24.0,189,7.875,1.9166666666666667,0.08333333333333326,"1.91666667,2.75",0.08333333333333326,0.7555619103092273,0.5416666666666666,1.4583333333333335,2.000011534513494,1.0,True,True,True,True,True,True,False,False,False
event_053,single,COSMOS3_0000,COSMOS3,68,gripper,2.0,minor forearm deformation and gripper deformatoin at sec2,The execution matches the prompt exactly.,True,link7,24.0,189,7.875,4.041666666666667,2.041666666666667,"4.04166667,1.75",0.25,4.164671702900577,4.291666666666667,2.291666666666667,7.697623043135451,0.9672131147540983,False,False,False,True,True,True,False,False,False
event_054,single,COSMOS3_0006,COSMOS3,72,forearm,1.0,gripper and forearm deformation at sec 1,The robot's forearm deforms and becomes significantly lengthen in ratio,True,link5,24.0,189,7.875,1.75,0.75,"1.75,3.08333333",0.75,1.0056666668306873,1.9166666666666667,0.9166666666666667,1.9119714407156605,0.6065573770491803,False,False,True,False,False,True,False,False,True
event_055,single,COSMOS3_0006,COSMOS3,72,gripper,1.0,gripper and forearm deformation at sec 1,The robot's forearm deforms and becomes significantly lengthen in ratio,True,link7,24.0,189,7.875,6.083333333333333,5.083333333333333,"6.08333333,5.75",4.75,9.304324593417494,6.125,5.125,16.895868346849458,0.9453551912568307,False,False,False,False,False,False,False,False,False
event_056,single,COSMOS3_0014,COSMOS3,73,gripper,1.0,gripper deformation at second1. second gripper deformation at 05,"At the contact point, the gripper penetrate the cup, and then the cup is minorly deformed with green line inside. The robot moves the object farther from the camera instead of lifting it. Wrong goal",True,link7,24.0,189,7.875,3.9583333333333335,2.9583333333333335,"3.95833333,5.33333333",2.9583333333333335,12.112599752304721,0.6666666666666666,0.33333333333333337,55.40657200545976,0.9398907103825137,False,False,False,False,False,False,False,True,True
event_057,single,COSMOS3_0015,COSMOS3,74,forearm,2.0,gripper deformation at second4. forearm deformation aat second 2,"Both the robot gripper and the object is deformed at the contact point. Due to poor spatial reasoning, the gripper seems to hide the cup from the camera then grab it.  Then gripper then release the cup instead of lifting it, wrong goal. Robot fore arm is also deformed when it approaches the cup.",True,link5,24.0,189,7.875,7.666666666666667,5.666666666666667,"7.66666667,1.16666667",0.8333333333333333,1.1632161539592583,7.791666666666667,5.791666666666667,2.496896890502101,0.7650273224043715,False,False,False,False,False,True,False,False,False
event_058,single,COSMOS3_0015,COSMOS3,74,gripper,4.0,gripper deformation at second4. forearm deformation aat second 2,"Both the robot gripper and the object is deformed at the contact point. Due to poor spatial reasoning, the gripper seems to hide the cup from the camera then grab it.  Then gripper then release the cup instead of lifting it, wrong goal. Robot fore arm is also deformed when it approaches the cup.",True,link7,24.0,189,7.875,3.5833333333333335,0.4166666666666665,"3.58333333,7.54166667",0.4166666666666665,6.611574534158889,3.7083333333333335,0.2916666666666665,11.719385452395542,1.0,False,True,True,False,True,True,False,True,True
event_059,single,COSMOS3_0020,COSMOS3,75,gripper,1.0,gripper deformation at second1. ,Banana is duplicated when the robot picked it. Wrong goal because robot released it,True,link7,24.0,189,7.875,5.708333333333333,4.708333333333333,"5.70833333,7.79166667",4.708333333333333,17.94987751437767,5.75,4.75,22.24279579810157,0.825136612021858,False,False,False,False,False,False,False,False,False
event_060,single,COSMOS3_0024,COSMOS3,76,gripper,0.75,the gripper deform at second half of second 0 to sec1,"Gripper deformed to contain a white object, rest execution is fine",True,link7,24.0,189,7.875,5.083333333333333,4.333333333333333,"5.08333333,1.41666667",0.6666666666666667,11.767299900098418,1.4583333333333333,0.7083333333333333,17.721921168950264,0.9344262295081968,False,False,False,False,False,True,False,False,True
event_061,single,COSMOS3_0027,COSMOS3,77,gripper,5.0,the gripper deform at start of second5,"After finishing the task, the gripper contacts the object again, and then the object is magically duplicated.",True,link7,24.0,189,7.875,5.833333333333333,0.833333333333333,"5.83333333,6.08333333",0.833333333333333,12.36828966572391,6.125,1.125,29.27193192485827,0.912568306010929,False,False,True,False,False,True,False,False,False
event_062,single,COSMOS3_0028,COSMOS3,78,forearm,0.75,the gripper and forearm deform at second half of second 0,"Wrong goal, te robot lift the move the tap outward rather than inward. Severe deformation at the gripper, causing the contact point to be unclear.",True,link5,24.0,189,7.875,6.166666666666667,5.416666666666667,"6.16666667,7.25",5.416666666666667,0.48064986369384133,0.041666666666666664,0.7083333333333334,2.392275594313497,0.8469945355191257,False,False,False,False,False,False,False,False,True
event_063,single,COSMOS3_0028,COSMOS3,78,gripper,0.75,the gripper and forearm deform at second half of second 0,"Wrong goal, te robot lift the move the tap outward rather than inward. Severe deformation at the gripper, causing the contact point to be unclear.",True,link7,24.0,189,7.875,0.9166666666666666,0.16666666666666663,"0.916666667,7.33333333",0.16666666666666663,4.445404578379858,0.9166666666666666,0.16666666666666663,8.42956702925095,1.0,True,True,True,True,True,True,True,True,True
event_064,single,COSMOS3_0031,COSMOS3,79,gripper,1.0,the gripper deform at start of second1,"Wrong goal, the gripper is now picking the brown cap and breaking down the object. The gripper is deformed, and the wrong action causing the object to also deform. Also the gripper doesn't properly/sufficiently grab the object but still creative effective, wrong contact dynamics",True,link7,24.0,189,7.875,0.2916666666666667,0.7083333333333333,"0.291666667,4.125",0.7083333333333333,6.878840964278085,0.3333333333333333,0.6666666666666667,16.188439810133765,0.8142076502732241,False,False,True,False,False,True,False,False,True
event_065,single,COSMOS3_0042,COSMOS3,81,upper_arm,0.75,"gripper,forearm,upperarm deform start at second half of sec0",The goal is incorrect because the gripper picks up the brown cap and breaks the object; the incorrect action also causes the object to deform.,True,link2,24.0,189,7.875,5.083333333333333,4.333333333333333,"5.08333333,3.125",2.375,0.5222223301099256,7.833333333333333,7.083333333333333,2.049709637298988,0.9234972677595629,False,False,False,False,False,False,False,False,False
event_066,single,COSMOS3_0042,COSMOS3,81,forearm,0.75,"gripper,forearm,upperarm deform start at second half of sec0",The goal is incorrect because the gripper picks up the brown cap and breaks the object; the incorrect action also causes the object to deform.,True,link5,24.0,189,7.875,2.0833333333333335,1.3333333333333335,"2.08333333,7.66666667",1.3333333333333335,1.3890642322336682,0.3333333333333333,0.4166666666666667,2.76604432322516,0.9672131147540983,False,False,False,False,False,False,False,True,True
event_067,single,COSMOS3_0042,COSMOS3,81,gripper,0.75,"gripper,forearm,upperarm deform start at second half of sec0",The goal is incorrect because the gripper picks up the brown cap and breaks the object; the incorrect action also causes the object to deform.,True,link7,24.0,189,7.875,7.541666666666667,6.791666666666667,"7.54166667,6.625",5.875,14.598407639838257,7.75,7.0,38.682858387450665,0.825136612021858,False,False,False,False,False,False,False,False,False
event_068,single,COSMOS3_0047,COSMOS3,82,upper_arm,1.0,"gripper,forearm,upperarm deform start at  sec1","The gripper is deformed, and one gripper finger disappears. At the contact point, the manipulated object also deforms and begins to shine.",True,link2,24.0,189,7.875,7.833333333333333,6.833333333333333,"7.83333333,4.83333333",3.833333333333333,0.5827838036939826,0.4166666666666667,0.5833333333333333,1.320187955977486,0.9726775956284153,False,False,False,False,False,False,False,False,True
event_069,single,COSMOS3_0047,COSMOS3,82,forearm,1.0,"gripper,forearm,upperarm deform start at  sec1","The gripper is deformed, and one gripper finger disappears. At the contact point, the manipulated object also deforms and begins to shine.",True,link5,24.0,189,7.875,0.2916666666666667,0.7083333333333333,"0.291666667,1.58333333",0.5833333333333333,0.5219938101764945,0.3333333333333333,0.6666666666666667,3.3874807982875326,0.9672131147540983,False,False,True,False,False,True,False,False,True
event_070,single,COSMOS3_0047,COSMOS3,82,gripper,1.0,"gripper,forearm,upperarm deform start at  sec1","The gripper is deformed, and one gripper finger disappears. At the contact point, the manipulated object also deforms and begins to shine.",True,link7,24.0,189,7.875,1.0416666666666667,0.04166666666666674,"1.04166667,7.58333333",0.04166666666666674,5.948624099034143,1.4583333333333333,0.45833333333333326,10.126693869686795,1.0,True,True,True,True,True,True,False,True,True
event_071,single,COSMOS3_0048,COSMOS3,83,upper_arm,0.75,"gripper,forearm,upperarm deform start at second half of sec0","The robot grasps the banana, but it closes the drawer before trying to release the banana. It then attempts to insert the banana into the drawer, causing object deformation and object-environment penetration.",True,link2,24.0,189,7.875,7.708333333333333,6.958333333333333,"7.70833333,3.25",2.5,1.271090826595633,7.833333333333333,7.083333333333333,2.975226679226076,0.9289617486338798,False,False,False,False,False,False,False,False,False
event_072,single,COSMOS3_0048,COSMOS3,83,forearm,0.75,"gripper,forearm,upperarm deform start at second half of sec0","The robot grasps the banana, but it closes the drawer before trying to release the banana. It then attempts to insert the banana into the drawer, causing object deformation and object-environment penetration.",True,link5,24.0,189,7.875,3.7083333333333335,2.9583333333333335,"3.70833333,7.83333333",2.9583333333333335,1.8819587466899435,3.7916666666666665,3.0416666666666665,3.3653427416016597,0.9398907103825137,False,False,False,False,False,False,False,False,False
event_073,single,COSMOS3_0048,COSMOS3,83,gripper,0.75,"gripper,forearm,upperarm deform start at second half of sec0","The robot grasps the banana, but it closes the drawer before trying to release the banana. It then attempts to insert the banana into the drawer, causing object deformation and object-environment penetration.",True,link7,24.0,189,7.875,3.625,2.875,"3.625,7.33333333",2.875,5.823500706077686,1.0416666666666667,0.29166666666666674,18.581129998438804,0.8415300546448088,False,False,False,False,False,False,False,True,True
event_074,single,COSMOS3_0049,COSMOS3,84,forearm,1.0,"gripper,forearm deform start at  sec1",The task is incomplete because the drawer is not closed after the release. The banana penetrates the drawer as the robot releases it into the drawer.,True,link5,24.0,189,7.875,5.666666666666667,4.666666666666667,"5.66666667,7.66666667",4.666666666666667,1.7335900569003568,5.833333333333333,4.833333333333333,3.1960320940935567,0.7650273224043715,False,False,False,False,False,False,False,False,False
event_075,single,COSMOS3_0049,COSMOS3,84,gripper,1.0,"gripper,forearm deform start at  sec1",The task is incomplete because the drawer is not closed after the release. The banana penetrates the drawer as the robot releases it into the drawer.,True,link7,24.0,189,7.875,4.833333333333333,3.833333333333333,"4.83333333,7.45833333",3.833333333333333,19.2664046400273,4.833333333333333,3.833333333333333,28.311478639578702,0.9508196721311475,False,False,False,False,False,False,False,False,False
event_076,single,COSMOS3_0051,COSMOS3,86,forearm,1.0,"gripper, forearm deform at sec1","The task is incomplete because the drawer is not closed after the banana is placed inside. At the contact point, the gripper's grasp on the banana is not physically reasonable. The banana also deforms after being lifted.",True,link5,24.0,189,7.875,4.083333333333333,3.083333333333333,"4.08333333,6.08333333",3.083333333333333,2.1104873592678732,4.125,3.125,4.103129524447768,0.9508196721311475,False,False,False,False,False,False,False,False,False
event_077,single,COSMOS3_0051,COSMOS3,86,gripper,1.0,"gripper, forearm deform at sec1","The task is incomplete because the drawer is not closed after the banana is placed inside. At the contact point, the gripper's grasp on the banana is not physically reasonable. The banana also deforms after being lifted.",True,link7,24.0,189,7.875,7.833333333333333,6.833333333333333,"7.83333333,6",5.0,30.010842381570768,7.833333333333333,6.833333333333333,42.5784635963213,0.8142076502732241,False,False,False,False,False,False,False,False,False
event_078,single,COSMOS3_0052,COSMOS3,87,forearm,1.0,"gripper, forearm deform at sec1",The task is incomplete because the drawer is not closed after the banana is placed inside. The banana penetrates the drawer when it is released into the drawer.,True,link5,24.0,189,7.875,4.958333333333333,3.958333333333333,"4.95833333,4.29166667",3.291666666666667,1.188189440695781,5.166666666666667,4.166666666666667,2.842474839355431,0.7978142076502732,False,False,False,False,False,False,False,False,False
event_079,single,COSMOS3_0052,COSMOS3,87,gripper,1.0,"gripper, forearm deform at sec1",The task is incomplete because the drawer is not closed after the banana is placed inside. The banana penetrates the drawer when it is released into the drawer.,True,link7,24.0,189,7.875,0.2916666666666667,0.7083333333333333,"0.291666667,4.83333333",0.7083333333333333,13.275977508683367,0.3333333333333333,0.6666666666666667,16.22064055745724,0.9562841530054644,False,False,True,False,False,True,False,False,True
event_080,single,COSMOS3_0053,COSMOS3,88,forearm,1.0,"gripper, forearm deform at sec1","The gripper deforms into a white block. At the contact point, both the gripper finger and the object deform. The task is incomplete because the drawer is not closed after the release.",True,link5,24.0,189,7.875,7.708333333333333,6.708333333333333,"7.70833333,5.83333333",4.833333333333333,1.730158992812417,7.833333333333333,6.833333333333333,3.2535521306106316,0.8087431693989071,False,False,False,False,False,False,False,False,False
event_081,single,COSMOS3_0053,COSMOS3,88,gripper,1.0,"gripper, forearm deform at sec1","The gripper deforms into a white block. At the contact point, both the gripper finger and the object deform. The task is incomplete because the drawer is not closed after the release.",True,link7,24.0,189,7.875,5.541666666666667,4.541666666666667,"5.54166667,0.875",0.125,8.55134121833543,5.916666666666667,4.916666666666667,16.934059885930758,0.9836065573770492,False,False,False,True,True,True,False,False,False
event_082,single,COSMOS3_0056,COSMOS3,90,forearm,0.75,"gripper, forearm deform at second half of sec0","The task is incomplete because the robot does not close the drawer. As the gripper approaches the cube, it penetrates the drawer.",True,link5,24.0,189,7.875,5.666666666666667,4.916666666666667,"5.66666667,5.41666667",4.666666666666667,30.78672641072395,5.833333333333333,5.083333333333333,50.60888841112859,0.8797814207650273,False,False,False,False,False,False,False,False,False
event_083,single,COSMOS3_0056,COSMOS3,90,gripper,0.75,"gripper, forearm deform at second half of sec0","The task is incomplete because the robot does not close the drawer. As the gripper approaches the cube, it penetrates the drawer.",True,link7,24.0,189,7.875,1.8333333333333333,1.0833333333333333,"1.83333333,7.625",1.0833333333333333,26.03179558761366,3.2916666666666665,2.5416666666666665,45.953420585321105,0.9016393442622951,False,False,False,False,False,False,False,False,False
event_084,single,COSMOS3_0057,COSMOS3,91,gripper,1.0,gripper deform at sec1,The robot gripper deforms into a blue triangular shape. The task is incomplete because the robot does not close the drawer.,False,,24.0,189,7.875,,,,,,,,,,,,,,,,,,
event_085,single,COSMOS3_0060,COSMOS3,92,forearm,5.0,"gripper deform at sec0, forearm deform at sec5",The forearm is deformed/shortened. The contact is not physically plausible because the gripper does not choose the correct contact point.,True,link5,24.0,189,7.875,3.8333333333333335,1.1666666666666665,"3.83333333,7.75",1.1666666666666665,3.2064681092876905,3.9166666666666665,1.0833333333333335,5.315072960390522,0.8306010928961749,False,False,False,False,False,False,False,False,False
event_086,single,COSMOS3_0060,COSMOS3,92,gripper,0.0,"gripper deform at sec0, forearm deform at sec5",The forearm is deformed/shortened. The contact is not physically plausible because the gripper does not choose the correct contact point.,True,link7,24.0,189,7.875,7.833333333333333,7.833333333333333,"7.83333333,7.41666667",7.416666666666667,5.96115877169767,7.833333333333333,7.833333333333333,14.374036941984341,0.4098360655737705,False,False,False,False,False,False,False,False,False
