dataset,relative_path,video_sha256,status,error,replay_selected,replay_status,replay_video,link2_status,link2_error,link2_depth_strategy,link2_depth_valid_frame_count,link2_depth_interpolated_frame_count,link2_depth_interpolated_frame_fraction,link2_depth_total_frame_count,link2_pdi_score,link2_grade,link2_scale_component,link2_trajectory_component,link2_rigidity_component,link2_vanishing_point_component,link2_sam3_tracked_fraction,link3_status,link3_error,link3_depth_strategy,link3_depth_valid_frame_count,link3_depth_interpolated_frame_count,link3_depth_interpolated_frame_fraction,link3_depth_total_frame_count,link3_pdi_score,link3_grade,link3_scale_component,link3_trajectory_component,link3_rigidity_component,link3_vanishing_point_component,link3_sam3_tracked_fraction,link4_status,link4_error,link4_depth_strategy,link4_depth_valid_frame_count,link4_depth_interpolated_frame_count,link4_depth_interpolated_frame_fraction,link4_depth_total_frame_count,link4_pdi_score,link4_grade,link4_scale_component,link4_trajectory_component,link4_rigidity_component,link4_vanishing_point_component,link4_sam3_tracked_fraction,link5_status,link5_error,link5_depth_strategy,link5_depth_valid_frame_count,link5_depth_interpolated_frame_count,link5_depth_interpolated_frame_fraction,link5_depth_total_frame_count,link5_pdi_score,link5_grade,link5_scale_component,link5_trajectory_component,link5_rigidity_component,link5_vanishing_point_component,link5_sam3_tracked_fraction,link6_status,link6_error,link6_depth_strategy,link6_depth_valid_frame_count,link6_depth_interpolated_frame_count,link6_depth_interpolated_frame_fraction,link6_depth_total_frame_count,link6_pdi_score,link6_grade,link6_scale_component,link6_trajectory_component,link6_rigidity_component,link6_vanishing_point_component,link6_sam3_tracked_fraction,link7_status,link7_error,link7_depth_strategy,link7_depth_valid_frame_count,link7_depth_interpolated_frame_count,link7_depth_interpolated_frame_fraction,link7_depth_total_frame_count,link7_pdi_score,link7_grade,link7_scale_component,link7_trajectory_component,link7_rigidity_component,link7_vanishing_point_component,link7_sam3_tracked_fraction,geometry_seconds,query_preparation_seconds,tracker_load_seconds,exact_group_model_seconds,exact_group_total_tracking_seconds,peak_gpu_memory_bytes,total_seconds
COSMOS2.5,0000.mp4,1dc575dd686ce2e5db929b1126044e0f69fcd53e5c62670bd469e22f4cca426c,complete,,True,complete,jobs/COSMOS2.5_0000-1dc575dd686c/output/replay/combined_exact-group.mp4,complete,,direct,93,0,0.0,93,0.0943,A (Physical Realism) - physically consistent and tight,0.0484,0.1713,0.0324,0.2482,1.0,complete,,direct,93,0,0.0,93,0.301,C (Obvious Distortion) - obvious perspective illusion or foot sliding,0.4024,0.3364,0.0274,0.5123,1.0,failed,only 35/93 frames have valid target depths; need at least 75,unavailable,35,0,0.0,93,,,,,,,,complete,,direct,93,0,0.0,93,0.1915,B (Minor Jitter) - slight geometric jitter,0.2062,0.2689,0.0075,0.0,1.0,complete,,direct,93,0,0.0,93,0.2032,B (Minor Jitter) - slight geometric jitter,0.0544,0.4444,0.0186,0.9333,1.0,complete,,direct,93,0,0.0,93,0.2706,B (Minor Jitter) - slight geometric jitter,0.278,0.391,0.0151,0.7969,1.0,444.3045818769606,2.1114181699813344,1.1515883070533164,3.8424463820410892,3.8595334340352565,5754609152,458.81498562998604
COSMOS2.5,0001.mp4,9473d3cfafd5bddda8af00edd34d87590cbe62a222460216134a2a6fa75e0f21,complete,,True,complete,jobs/COSMOS2.5_0001-9473d3cfafd5/output/replay/combined_exact-group.mp4,complete,,direct,93,0,0.0,93,0.1049,B (Minor Jitter) - slight geometric jitter,0.0537,0.1876,0.0421,0.0698,1.0,complete,,direct,93,0,0.0,93,0.2847,B (Minor Jitter) - slight geometric jitter,0.3865,0.3139,0.0225,0.2462,1.0,complete,,direct,93,0,0.0,93,0.2117,B (Minor Jitter) - slight geometric jitter,0.2182,0.2636,0.095,0.3372,1.0,complete,,direct,93,0,0.0,93,0.2111,B (Minor Jitter) - slight geometric jitter,0.1878,0.3323,0.0149,0.7819,1.0,complete,,direct,93,0,0.0,93,0.19,B (Minor Jitter) - slight geometric jitter,0.0858,0.3359,0.1065,0.7668,1.0,complete,,direct,93,0,0.0,93,0.2139,B (Minor Jitter) - slight geometric jitter,0.1509,0.2742,0.2192,0.7733,1.0,445.7286972430302,1.7286643109982833,0.8905809640418738,3.7735772860469297,3.791273283015471,5754609152,460.17134065000573
COSMOS2.5,0002.mp4,6d3d29f5f57af4c8558841e90bfe1d44089299ad05fdb44efcd12ddf850cfa50,complete,,True,complete,jobs/COSMOS2.5_0002-6d3d29f5f57a/output/replay/combined_exact-group.mp4,complete,,direct,93,0,0.0,93,0.1537,B (Minor Jitter) - slight geometric jitter,0.1007,0.2688,0.0292,0.1345,1.0,complete,,direct,93,0,0.0,93,0.3838,C (Obvious Distortion) - obvious perspective illusion or foot sliding,0.4197,0.4874,0.1049,0.3677,1.0,complete,,direct,93,0,0.0,93,0.3117,C (Obvious Distortion) - obvious perspective illusion or foot sliding,0.3015,0.3806,0.1942,0.4857,1.0,complete,,direct,93,0,0.0,93,0.4139,C (Obvious Distortion) - obvious perspective illusion or foot sliding,0.5701,0.3985,0.1324,0.8224,1.0,complete,,direct,93,0,0.0,93,0.3691,C (Obvious Distortion) - obvious perspective illusion or foot sliding,0.5008,0.3736,0.0966,0.8743,1.0,complete,,direct,93,0,0.0,93,0.4525,C (Obvious Distortion) - obvious perspective illusion or foot sliding,0.6294,0.4419,0.1198,0.6029,1.0,415.71251024800586,1.5470098500372842,0.990967109974008,2.060445648035966,2.0760190030559897,5754609152,427.2994547729613
COSMOS2.5,0003.mp4,33de9f9353260ab23742fc0e8e8b603b0027107145a1b9f02023b4a6b7d35db6,complete,,True,complete,jobs/COSMOS2.5_0003-33de9f935326/output/replay/combined_exact-group.mp4,complete,,direct,93,0,0.0,93,0.1489,B (Minor Jitter) - slight geometric jitter,0.1018,0.2514,0.038,0.1205,1.0,complete,,direct,93,0,0.0,93,0.2656,B (Minor Jitter) - slight geometric jitter,0.3687,0.2809,0.0287,0.3043,1.0,failed,only 13/93 frames have valid target depths; need at least 75,unavailable,13,0,0.0,93,,,,,,,,complete,,direct,93,0,0.0,93,0.1936,B (Minor Jitter) - slight geometric jitter,0.2291,0.2446,0.0205,0.986,1.0,complete,,direct,93,0,0.0,93,0.2468,B (Minor Jitter) - slight geometric jitter,0.3299,0.2529,0.0683,0.0,1.0,complete,,direct,93,0,0.0,93,0.6419,F (Geometric Failure) - geometric coherence breaks down,0.9248,0.18,1.0,0.0,1.0,417.4985584980459,1.5132224150002003,0.9828483919845894,2.185599416028708,2.2028149050311185,5754609152,428.87485626200214
COSMOS2.5,0004.mp4,c7439858b6a61999df337a8235fe20c7a6ed1add5961ceac72e78dc823db087f,complete,,True,complete,jobs/COSMOS2.5_0004-c7439858b6a6/output/replay/combined_exact-group.mp4,complete,,direct,93,0,0.0,93,0.1723,B (Minor Jitter) - slight geometric jitter,0.0656,0.3546,0.0211,0.1414,1.0,complete,,direct,93,0,0.0,93,0.4242,C (Obvious Distortion) - obvious perspective illusion or foot sliding,0.6168,0.4178,0.0518,0.4039,1.0,complete,,interpolation_fallback,91,2,0.021505376344086023,93,1.2343,F (Geometric Failure) - geometric coherence breaks down,2.6915,0.3742,0.0403,0.671,0.978494623655914,complete,,direct,93,0,0.0,93,0.3623,C (Obvious Distortion) - obvious perspective illusion or foot sliding,0.4185,0.4738,0.027,0.9281,1.0,complete,,direct,93,0,0.0,93,0.4402,C (Obvious Distortion) - obvious perspective illusion or foot sliding,0.5564,0.4564,0.1752,0.9601,1.0,complete,,direct,93,0,0.0,93,0.5184,C (Obvious Distortion) - obvious perspective illusion or foot sliding,0.3962,0.3998,1.0,0.0,1.0,416.71167004900053,1.7094227280467749,0.9081887200009078,2.050343115988653,2.066864686959889,5754609152,428.6140983089572
COSMOS2.5,0005.mp4,109157f431908d9a509cf8561893332354755502f33b2c9fc58409b7de4ce720,complete,,True,complete,jobs/COSMOS2.5_0005-109157f43190/output/replay/combined_exact-group.mp4,complete,,direct,93,0,0.0,93,0.1776,B (Minor Jitter) - slight geometric jitter,0.0697,0.3578,0.033,0.2295,1.0,complete,,direct,93,0,0.0,93,0.284,B (Minor Jitter) - slight geometric jitter,0.2946,0.4036,0.0236,0.4533,1.0,failed,only 23/93 frames have valid target depths; need at least 75,unavailable,23,0,0.0,93,,,,,,,,complete,,direct,93,0,0.0,93,0.413,C (Obvious Distortion) - obvious perspective illusion or foot sliding,0.5449,0.477,0.0215,0.9805,1.0,complete,,direct,93,0,0.0,93,0.5586,C (Obvious Distortion) - obvious perspective illusion or foot sliding,0.3741,0.5224,1.0,0.0,1.0,complete,,direct,93,0,0.0,93,0.4753,C (Obvious Distortion) - obvious perspective illusion or foot sliding,0.3402,0.348,1.0,0.0,1.0,418.3382354559726,1.6308035510010086,1.0593937490484677,1.9484063529525883,1.9700879619340412,5754609152,429.92798724002205
COSMOS2.5,0006.mp4,ed28f7a51a2733ab11d9f1b709c8119ba06f32b3be6e657f9b68883db8508f4e,complete,,True,complete,jobs/COSMOS2.5_0006-ed28f7a51a27/output/replay/combined_exact-group.mp4,complete,,direct,93,0,0.0,93,0.1083,B (Minor Jitter) - slight geometric jitter,0.0121,0.2375,0.0426,0.1879,1.0,complete,,direct,93,0,0.0,93,0.3227,C (Obvious Distortion) - obvious perspective illusion or foot sliding,0.4062,0.3454,0.1104,0.3834,1.0,failed,only 61/93 frames have valid target depths; need at least 75,unavailable,61,0,0.0,93,,,,,,,,complete,,direct,93,0,0.0,93,0.4037,C (Obvious Distortion) - obvious perspective illusion or foot sliding,0.676,0.3101,0.0463,0.6939,1.0,complete,,direct,93,0,0.0,93,0.5004,C (Obvious Distortion) - obvious perspective illusion or foot sliding,0.4648,0.2861,1.0,0.7619,1.0,complete,,direct,93,0,0.0,93,0.4996,C (Obvious Distortion) - obvious perspective illusion or foot sliding,0.2816,0.4674,1.0,0.8992,1.0,421.2485493470449,1.9034141350421123,1.2795656200032681,2.343564391019754,2.362225300981663,5754609152,433.88575754198246
COSMOS2.5,0007.mp4,0ef4e99c506afe4e57a0b6a9c60554b603f1415861ff2e812d6c0147a7ea3579,complete,,True,complete,jobs/COSMOS2.5_0007-0ef4e99c506a/output/replay/combined_exact-group.mp4,complete,,direct,93,0,0.0,93,0.1228,B (Minor Jitter) - slight geometric jitter,0.0352,0.2515,0.0407,0.0808,1.0,complete,,direct,93,0,0.0,93,0.3015,C (Obvious Distortion) - obvious perspective illusion or foot sliding,0.4075,0.3342,0.0242,0.2958,1.0,failed,only 2/93 frames have valid target depths; need at least 75,unavailable,2,0,0.0,93,,,,,,,,complete,,direct,93,0,0.0,93,0.2176,B (Minor Jitter) - slight geometric jitter,0.3255,0.2117,0.0139,0.8733,1.0,complete,,direct,93,0,0.0,93,0.3144,C (Obvious Distortion) - obvious perspective illusion or foot sliding,0.3643,0.4047,0.034,0.0,1.0,complete,,direct,93,0,0.0,93,0.3314,C (Obvious Distortion) - obvious perspective illusion or foot sliding,0.497,0.2623,0.1383,0.9993,1.0,346.8446237600292,2.0363953469786793,0.9708920780103654,2.2567172069684602,2.2719295409624465,5754609152,358.8078172300011
COSMOS2.5,0008.mp4,67575550209c91ce9bfcf95195464dd957124abedefff631c7d40dfe925c0f13,complete,,True,complete,jobs/COSMOS2.5_0008-67575550209c/output/replay/combined_exact-group.mp4,complete,,direct,93,0,0.0,93,0.0932,A (Physical Realism) - physically consistent and tight,0.0931,0.1283,0.023,0.1218,1.0,complete,,direct,93,0,0.0,93,0.42,C (Obvious Distortion) - obvious perspective illusion or foot sliding,0.8312,0.2027,0.0323,0.4671,1.0,complete,,direct,93,0,0.0,93,0.248,B (Minor Jitter) - slight geometric jitter,0.4087,0.1993,0.0241,0.6958,1.0,complete,,direct,93,0,0.0,93,0.1827,B (Minor Jitter) - slight geometric jitter,0.196,0.2478,0.0262,0.8899,1.0,complete,,direct,93,0,0.0,93,0.4318,C (Obvious Distortion) - obvious perspective illusion or foot sliding,0.5615,0.4645,0.1072,0.9829,1.0,complete,,direct,93,0,0.0,93,0.5208,C (Obvious Distortion) - obvious perspective illusion or foot sliding,0.47,0.332,1.0,0.9965,1.0,342.60014702100307,1.5620338440057822,0.8494584870059043,3.557294094993267,3.5772883389727212,5754609152,355.6556444459711
COSMOS2.5,0009.mp4,7f315615542b1d92f55382a23d4dd93f99c5785d411abe3f25897b2a6bdddf62,complete,,True,complete,jobs/COSMOS2.5_0009-7f315615542b/output/replay/combined_exact-group.mp4,complete,,direct,93,0,0.0,93,0.1673,B (Minor Jitter) - slight geometric jitter,0.1022,0.3006,0.0309,0.2457,1.0,complete,,direct,93,0,0.0,93,0.3021,C (Obvious Distortion) - obvious perspective illusion or foot sliding,0.4607,0.2848,0.0196,0.4777,1.0,complete,,direct,93,0,0.0,93,0.9813,F (Geometric Failure) - geometric coherence breaks down,1.9816,0.4637,0.0161,0.0,1.0,complete,,direct,93,0,0.0,93,0.2554,B (Minor Jitter) - slight geometric jitter,0.3072,0.3246,0.0134,0.957,1.0,complete,,interpolation_fallback,90,3,0.03225806451612903,93,1.6183,F (Geometric Failure) - geometric coherence breaks down,3.4532,0.5408,0.1037,0.0,0.967741935483871,complete,,direct,93,0,0.0,93,0.2275,B (Minor Jitter) - slight geometric jitter,0.2637,0.2832,0.0439,0.0,1.0,350.97070766304387,1.5411912460112944,1.1315878229797818,4.198169918963686,4.214648969005793,5754609152,365.2417788840248
COSMOS2.5,0010.mp4,6d3e20dd4ed10a7b731e39e95816cf18e378ebd46abe177c35102e8f1e912fbf,complete,,False,not_selected,,complete,,direct,93,0,0.0,93,0.1395,B (Minor Jitter) - slight geometric jitter,0.1094,0.2258,0.0273,0.0156,1.0,complete,,direct,93,0,0.0,93,0.4269,C (Obvious Distortion) - obvious perspective illusion or foot sliding,0.7783,0.2802,0.0176,0.4216,1.0,complete,,direct,93,0,0.0,93,0.1766,B (Minor Jitter) - slight geometric jitter,0.1746,0.2504,0.033,0.7076,1.0,complete,,direct,93,0,0.0,93,0.2662,B (Minor Jitter) - slight geometric jitter,0.4313,0.227,0.0144,0.7945,1.0,complete,,direct,93,0,0.0,93,0.2678,B (Minor Jitter) - slight geometric jitter,0.3325,0.3237,0.0266,0.9324,1.0,complete,,direct,93,0,0.0,93,0.4777,C (Obvious Distortion) - obvious perspective illusion or foot sliding,0.7008,0.3173,0.3524,1.0,1.0,356.3664404559531,1.586149448005017,0.9307859240216203,2.033273446955718,2.0504115839721635,5754609152,368.01639658398926
COSMOS2.5,0011.mp4,0d9430bfc5faab7c620e5c43b2dc242c788786b20c96bf779547a6d6a6126557,complete,,False,not_selected,,complete,,direct,93,0,0.0,93,0.1858,B (Minor Jitter) - slight geometric jitter,0.0957,0.3529,0.0316,0.2051,1.0,complete,,direct,93,0,0.0,93,0.3449,C (Obvious Distortion) - obvious perspective illusion or foot sliding,0.4323,0.4189,0.0219,0.4006,1.0,failed,only 1/93 frames have valid target depths; need at least 75,unavailable,1,0,0.0,93,,,,,,,,complete,,direct,93,0,0.0,93,0.2412,B (Minor Jitter) - slight geometric jitter,0.2806,0.3128,0.0195,0.9716,1.0,complete,,direct,93,0,0.0,93,0.2925,B (Minor Jitter) - slight geometric jitter,0.3945,0.2507,0.1719,0.803,1.0,complete,,direct,93,0,0.0,93,0.24,B (Minor Jitter) - slight geometric jitter,0.2231,0.3128,0.1281,0.9909,1.0,344.91924707900034,1.5562522030086257,1.0969577659852803,4.142354835988954,4.157094158988912,5754609152,358.1175042120158
COSMOS2.5,0012.mp4,059013743bfde0a65dc2357974981ea2031dc2fe4349a89af297a7c538ab9fd2,complete,,False,not_selected,,complete,,direct,93,0,0.0,93,0.1706,B (Minor Jitter) - slight geometric jitter,0.0373,0.3721,0.0343,0.1849,1.0,complete,,direct,93,0,0.0,93,0.2861,B (Minor Jitter) - slight geometric jitter,0.3384,0.3669,0.0199,0.4192,1.0,failed,only 48/93 frames have valid target depths; need at least 75,unavailable,48,0,0.0,93,,,,,,,,complete,,direct,93,0,0.0,93,0.2113,B (Minor Jitter) - slight geometric jitter,0.2038,0.3153,0.0182,0.9722,1.0,complete,,direct,93,0,0.0,93,0.3067,C (Obvious Distortion) - obvious perspective illusion or foot sliding,0.4248,0.3356,0.0127,0.0,1.0,complete,,direct,93,0,0.0,93,0.4531,C (Obvious Distortion) - obvious perspective illusion or foot sliding,0.2437,0.3891,1.0,0.0,1.0,374.0417361499858,1.63321477296995,0.9604395579663105,3.593457463022787,3.6080363140208647,5754609152,386.6869984759833
COSMOS2.5,0013.mp4,7709a4eb0c0f652a8326832354c8374d44d53e39bcc24be911faadc828c16281,complete,,False,not_selected,,complete,,direct,93,0,0.0,93,0.1171,B (Minor Jitter) - slight geometric jitter,0.0659,0.2146,0.0248,0.1642,1.0,complete,,direct,93,0,0.0,93,0.2255,B (Minor Jitter) - slight geometric jitter,0.3249,0.2298,0.0184,0.4274,1.0,complete,,direct,93,0,0.0,93,0.4454,C (Obvious Distortion) - obvious perspective illusion or foot sliding,0.7803,0.3225,0.0215,0.6755,1.0,complete,,direct,93,0,0.0,93,0.3738,C (Obvious Distortion) - obvious perspective illusion or foot sliding,0.5379,0.3883,0.0163,0.477,1.0,complete,,direct,93,0,0.0,93,0.1994,B (Minor Jitter) - slight geometric jitter,0.0715,0.4096,0.0346,0.0,1.0,complete,,direct,93,0,0.0,93,0.2654,B (Minor Jitter) - slight geometric jitter,0.1746,0.4536,0.0705,0.0,1.0,343.3736481760279,1.5510516570066102,0.849148218985647,4.316631399036851,4.333755953994114,5754609152,357.0535022279946
COSMOS2.5,0014.mp4,84c0fa887ea26961e15d5c660ed6fa3850dfab1c4fa4c575470b7b811fc0ca4c,complete,,False,not_selected,,complete,,direct,93,0,0.0,93,0.1597,B (Minor Jitter) - slight geometric jitter,0.0343,0.3486,0.0327,0.0986,1.0,complete,,direct,93,0,0.0,93,0.3162,C (Obvious Distortion) - obvious perspective illusion or foot sliding,0.4762,0.2985,0.0317,0.2978,1.0,complete,,direct,93,0,0.0,93,0.2564,B (Minor Jitter) - slight geometric jitter,0.1765,0.4531,0.0229,0.3788,1.0,complete,,direct,93,0,0.0,93,0.264,B (Minor Jitter) - slight geometric jitter,0.3506,0.3001,0.0184,0.2059,1.0,complete,,direct,93,0,0.0,93,0.3852,C (Obvious Distortion) - obvious perspective illusion or foot sliding,0.3743,0.4811,0.2149,0.0,1.0,complete,,direct,93,0,0.0,93,0.2894,B (Minor Jitter) - slight geometric jitter,0.3368,0.3282,0.1171,0.0,1.0,367.64452248602174,1.5804381869966164,0.9038295419886708,3.6378867250168696,3.653842809027992,5754609152,380.67130595695926
COSMOS2.5,0015.mp4,10c80792567e7b7921493f81bb05dc88a88f5cf2a0be65845287d534196c9bb0,complete,,False,not_selected,,complete,,direct,93,0,0.0,93,0.082,A (Physical Realism) - physically consistent and tight,0.0301,0.1596,0.0308,0.1204,1.0,complete,,direct,93,0,0.0,93,0.3157,C (Obvious Distortion) - obvious perspective illusion or foot sliding,0.4865,0.2826,0.0405,0.3136,1.0,complete,,direct,93,0,0.0,93,0.1622,B (Minor Jitter) - slight geometric jitter,0.1163,0.2611,0.0559,0.7335,1.0,complete,,direct,93,0,0.0,93,0.2317,B (Minor Jitter) - slight geometric jitter,0.1265,0.4421,0.0214,0.7905,1.0,complete,,direct,93,0,0.0,93,0.3052,C (Obvious Distortion) - obvious perspective illusion or foot sliding,0.1375,0.4184,0.4141,0.7733,1.0,complete,,direct,93,0,0.0,93,0.179,B (Minor Jitter) - slight geometric jitter,0.1222,0.3178,0.015,0.5688,1.0,345.0897794649936,1.5822370859677903,0.9719055030145682,4.321131151053123,4.337915624026209,5754609152,358.95638940198114
COSMOS2.5,0016.mp4,e5958f4182b2e45abf2da9b54a9ffb73ed3feb19e83838a38d5337606fb12886,complete,,False,not_selected,,complete,,direct,93,0,0.0,93,0.1257,B (Minor Jitter) - slight geometric jitter,0.0741,0.2307,0.0189,0.0908,1.0,complete,,direct,93,0,0.0,93,0.2205,B (Minor Jitter) - slight geometric jitter,0.3195,0.2222,0.0189,0.3863,1.0,complete,,direct,93,0,0.0,93,0.1736,B (Minor Jitter) - slight geometric jitter,0.1796,0.2487,0.0112,0.916,1.0,complete,,direct,93,0,0.0,93,0.1707,B (Minor Jitter) - slight geometric jitter,0.134,0.2857,0.0143,0.8055,1.0,complete,,direct,93,0,0.0,93,0.1808,B (Minor Jitter) - slight geometric jitter,0.0673,0.3516,0.0663,0.6861,1.0,complete,,direct,93,0,0.0,93,0.2133,B (Minor Jitter) - slight geometric jitter,0.1364,0.3712,0.0511,0.7033,1.0,365.95331613498274,1.566609558998607,0.8757243229774758,3.5915044139837846,3.607520989025943,5754609152,378.98006727796746
COSMOS2.5,0017.mp4,57f435e16d6292003b90b329172a25f9d94a3d17f79611ad89ebff60e983009e,complete,,False,not_selected,,complete,,direct,93,0,0.0,93,0.172,B (Minor Jitter) - slight geometric jitter,0.0228,0.3908,0.0329,0.1548,1.0,complete,,direct,93,0,0.0,93,0.2505,B (Minor Jitter) - slight geometric jitter,0.3098,0.2994,0.0341,0.3557,1.0,complete,,direct,93,0,0.0,93,0.3843,C (Obvious Distortion) - obvious perspective illusion or foot sliding,0.5952,0.2495,0.2321,0.6532,1.0,complete,,direct,93,0,0.0,93,0.1753,B (Minor Jitter) - slight geometric jitter,0.0963,0.3341,0.0155,0.6415,1.0,complete,,direct,93,0,0.0,93,0.1894,B (Minor Jitter) - slight geometric jitter,0.1363,0.255,0.1643,0.7887,1.0,complete,,direct,93,0,0.0,93,0.194,B (Minor Jitter) - slight geometric jitter,0.1643,0.2811,0.0791,0.646,1.0,337.45402233401546,1.5518023850163445,1.0332250759820454,4.22248443798162,4.24008918897016,5754609152,356.64437003299827
COSMOS2.5,0018.mp4,18098cccfcab952245fac416f74243892993581bbfa712aa48956e89ef00e1a1,complete,,False,not_selected,,complete,,direct,93,0,0.0,93,0.0836,A (Physical Realism) - physically consistent and tight,0.0302,0.1636,0.0302,0.1134,1.0,complete,,direct,93,0,0.0,93,0.2977,B (Minor Jitter) - slight geometric jitter,0.4722,0.2495,0.0449,0.3546,1.0,complete,,direct,93,0,0.0,93,0.2524,B (Minor Jitter) - slight geometric jitter,0.3374,0.2473,0.0928,0.7844,1.0,complete,,direct,93,0,0.0,93,0.2117,B (Minor Jitter) - slight geometric jitter,0.0829,0.439,0.0145,0.9748,1.0,complete,,direct,93,0,0.0,93,0.2506,B (Minor Jitter) - slight geometric jitter,0.0463,0.4412,0.2778,0.0,1.0,complete,,direct,93,0,0.0,93,0.2655,B (Minor Jitter) - slight geometric jitter,0.1378,0.5154,0.0215,0.5486,1.0,369.1943156310008,1.5220655720331706,0.8341700019664131,3.5776385760400444,3.5932015330181457,5754609152,382.1984683490009
COSMOS2.5,0021.mp4,add965fbd25aeed935f389d2721cfa5c815c58955ca8ac3824786a0291d0024f,complete,,False,not_selected,,complete,,direct,93,0,0.0,93,0.0989,A (Physical Realism) - physically consistent and tight,0.0672,0.1668,0.0265,0.0134,1.0,complete,,direct,93,0,0.0,93,0.2649,B (Minor Jitter) - slight geometric jitter,0.3688,0.2769,0.033,0.1487,1.0,failed,only 45/93 frames have valid target depths; need at least 75,unavailable,45,0,0.0,93,,,,,,,,complete,,direct,93,0,0.0,93,0.1596,B (Minor Jitter) - slight geometric jitter,0.0807,0.2936,0.0493,0.9455,1.0,complete,,direct,93,0,0.0,93,0.1204,B (Minor Jitter) - slight geometric jitter,0.0398,0.2519,0.0189,0.8876,1.0,complete,,direct,93,0,0.0,93,0.2223,B (Minor Jitter) - slight geometric jitter,0.1279,0.3862,0.0834,0.3612,1.0,342.1686132099712,1.5713168890215456,0.8852665480226278,4.18352036899887,4.199500657967292,5754609152,355.2924176949891
COSMOS2.5,0022.mp4,1ee910960da15b4c35bc781b3678e6c6fe811658cbedb988bd48a58c098964f2,complete,,False,not_selected,,complete,,direct,93,0,0.0,93,0.1935,B (Minor Jitter) - slight geometric jitter,0.0618,0.4016,0.0407,0.0731,1.0,complete,,direct,93,0,0.0,93,0.3094,C (Obvious Distortion) - obvious perspective illusion or foot sliding,0.4484,0.3134,0.0237,0.2177,1.0,complete,,direct,93,0,0.0,93,0.2151,B (Minor Jitter) - slight geometric jitter,0.1498,0.3684,0.0393,0.3157,1.0,complete,,direct,93,0,0.0,93,0.1673,B (Minor Jitter) - slight geometric jitter,0.0872,0.3045,0.0528,0.4065,1.0,complete,,direct,93,0,0.0,93,0.2517,B (Minor Jitter) - slight geometric jitter,0.2808,0.3141,0.0689,0.4533,1.0,complete,,direct,93,0,0.0,93,0.2662,B (Minor Jitter) - slight geometric jitter,0.303,0.2425,0.2402,0.7371,1.0,367.94232603296405,1.5612235569860786,0.8876692740013823,3.5557330760057084,3.5721886579995044,5754609152,380.8769947759574
COSMOS2.5,0023.mp4,cb37fd53f864e6c3434fc587ae96cd944c8bf15a00d916852574a093ef2da396,complete,,False,not_selected,,complete,,direct,93,0,0.0,93,0.1434,B (Minor Jitter) - slight geometric jitter,0.0566,0.2828,0.0383,0.1448,1.0,complete,,direct,93,0,0.0,93,0.341,C (Obvious Distortion) - obvious perspective illusion or foot sliding,0.3738,0.4678,0.0217,0.327,1.0,complete,,direct,93,0,0.0,93,0.2396,B (Minor Jitter) - slight geometric jitter,0.1072,0.4744,0.0348,0.4913,1.0,complete,,direct,93,0,0.0,93,0.3341,C (Obvious Distortion) - obvious perspective illusion or foot sliding,0.3043,0.5175,0.0269,0.5697,1.0,complete,,direct,93,0,0.0,93,0.2942,B (Minor Jitter) - slight geometric jitter,0.1989,0.5173,0.0384,0.9951,1.0,complete,,direct,93,0,0.0,93,0.3103,C (Obvious Distortion) - obvious perspective illusion or foot sliding,0.349,0.4124,0.0288,0.621,1.0,341.9746052529663,1.6523448579828255,1.207065642985981,4.181779749982525,4.197106466977857,5754609152,362.7364219640149
COSMOS2.5,0024.mp4,1c2a19a619b8fd119d6fd31766665845edbc86045f0623bb8011619408fb80a3,complete,,False,not_selected,,complete,,direct,93,0,0.0,93,0.0988,A (Physical Realism) - physically consistent and tight,0.0334,0.1945,0.0383,0.0943,1.0,complete,,direct,93,0,0.0,93,0.3753,C (Obvious Distortion) - obvious perspective illusion or foot sliding,0.4943,0.43,0.0281,0.3369,1.0,complete,,direct,93,0,0.0,93,0.2135,B (Minor Jitter) - slight geometric jitter,0.2038,0.2999,0.0601,0.7913,1.0,complete,,direct,93,0,0.0,93,0.3257,C (Obvious Distortion) - obvious perspective illusion or foot sliding,0.4371,0.37,0.0143,0.6631,1.0,complete,,direct,93,0,0.0,93,0.2331,B (Minor Jitter) - slight geometric jitter,0.0979,0.4724,0.0247,0.0,1.0,complete,,direct,93,0,0.0,93,0.1976,B (Minor Jitter) - slight geometric jitter,0.0858,0.3841,0.0483,0.5847,1.0,371.86913878499763,1.5217379379901104,0.823511628957931,3.5398224919917993,3.5577277980046347,5754609152,384.742724945012
COSMOS2.5,0025.mp4,6dffcc49190a7c00911de5c7d0295455d5174be80eac81103cd832a4eb0ae0ef,complete,,False,not_selected,,complete,,direct,93,0,0.0,93,0.1278,B (Minor Jitter) - slight geometric jitter,0.0452,0.255,0.0389,0.0695,1.0,complete,,direct,93,0,0.0,93,0.261,B (Minor Jitter) - slight geometric jitter,0.4076,0.2395,0.011,0.2822,1.0,complete,,interpolation_fallback,89,4,0.043010752688172046,93,1.7193,F (Geometric Failure) - geometric coherence breaks down,3.7966,0.4261,0.151,0.4501,0.956989247311828,complete,,direct,93,0,0.0,93,0.2353,B (Minor Jitter) - slight geometric jitter,0.1861,0.3932,0.0182,0.7871,1.0,complete,,direct,93,0,0.0,93,0.1927,B (Minor Jitter) - slight geometric jitter,0.0527,0.2548,0.3483,0.5907,1.0,complete,,direct,93,0,0.0,93,0.1461,B (Minor Jitter) - slight geometric jitter,0.0847,0.2665,0.0281,0.5945,1.0,344.6413268150063,1.5852196299820207,1.1169851190061308,4.320268806011882,4.335748618002981,5754609152,363.88631985901156
COSMOS2.5,0026.mp4,4f5f363f9bc391554cfdb737e8d18803c040cf92aae5b01e947859ac18082e76,complete,,False,not_selected,,complete,,direct,93,0,0.0,93,0.1075,B (Minor Jitter) - slight geometric jitter,0.0351,0.2195,0.0286,0.1362,1.0,complete,,direct,93,0,0.0,93,0.207,B (Minor Jitter) - slight geometric jitter,0.2936,0.2129,0.0221,0.2713,1.0,failed,only 73/93 frames have valid target depths; need at least 75,unavailable,73,0,0.0,93,,,,,,,,complete,,direct,93,0,0.0,93,0.3537,C (Obvious Distortion) - obvious perspective illusion or foot sliding,0.4817,0.3942,0.0167,0.4998,1.0,complete,,direct,93,0,0.0,93,0.4869,C (Obvious Distortion) - obvious perspective illusion or foot sliding,0.2936,0.4237,1.0,0.0,1.0,complete,,direct,93,0,0.0,93,0.2671,B (Minor Jitter) - slight geometric jitter,0.2971,0.3378,0.066,0.0,1.0,380.37855935195694,1.5573166310205124,0.883696006028913,3.6075420510023832,3.6242425170494244,5754609152,392.93510955397505
COSMOS2.5,0027.mp4,4dee40b9a29f9fedda4bd94411c3ade6c568333e54d9119e0bfbfb3c405279b1,complete,,False,not_selected,,complete,,direct,93,0,0.0,93,0.1177,B (Minor Jitter) - slight geometric jitter,0.0513,0.2295,0.0267,0.2063,1.0,complete,,direct,93,0,0.0,93,0.2778,B (Minor Jitter) - slight geometric jitter,0.3825,0.3008,0.0225,0.429,1.0,complete,,direct,93,0,0.0,93,0.204,B (Minor Jitter) - slight geometric jitter,0.1071,0.3919,0.0219,0.8696,1.0,complete,,direct,93,0,0.0,93,0.2565,B (Minor Jitter) - slight geometric jitter,0.1155,0.5188,0.0142,0.9649,1.0,complete,,direct,93,0,0.0,93,0.1315,B (Minor Jitter) - slight geometric jitter,0.0544,0.2298,0.0891,0.622,1.0,complete,,direct,93,0,0.0,93,0.2059,B (Minor Jitter) - slight geometric jitter,0.2787,0.2128,0.0466,0.7662,1.0,341.9647766230046,1.601494247035589,1.0528434879961424,4.282711623993237,4.29981878696708,5754609152,361.88288886804366
COSMOS2.5,0028.mp4,fc7f4787a700e7271c30fb695458b3c8fa3c65c560ce6a892f103e809fd3aa37,complete,,False,not_selected,,complete,,direct,93,0,0.0,93,0.1071,B (Minor Jitter) - slight geometric jitter,0.0704,0.1843,0.0261,0.1065,1.0,complete,,direct,93,0,0.0,93,0.2703,B (Minor Jitter) - slight geometric jitter,0.4066,0.2611,0.016,0.2858,1.0,complete,,direct,93,0,0.0,93,0.1628,B (Minor Jitter) - slight geometric jitter,0.167,0.2175,0.045,0.6668,1.0,complete,,direct,93,0,0.0,93,0.294,B (Minor Jitter) - slight geometric jitter,0.3107,0.412,0.0247,0.6804,1.0,complete,,direct,93,0,0.0,93,0.2214,B (Minor Jitter) - slight geometric jitter,0.0916,0.4492,0.0256,0.6971,1.0,complete,,direct,93,0,0.0,93,0.2032,B (Minor Jitter) - slight geometric jitter,0.1478,0.3356,0.0493,0.5819,1.0,371.18327563797357,1.5472889899974689,0.8338787880493328,3.538840395049192,3.5546531950240023,5754609152,384.12393106298987
COSMOS2.5,0029.mp4,42dfef4b10eedbdebf508f0d0d74e5297704510ce494cefafe2b388ef4ef323f,complete,,False,not_selected,,complete,,direct,93,0,0.0,93,0.1286,B (Minor Jitter) - slight geometric jitter,0.1037,0.2049,0.0259,0.0446,1.0,complete,,direct,93,0,0.0,93,0.2372,B (Minor Jitter) - slight geometric jitter,0.3423,0.2446,0.0121,0.2019,1.0,complete,,direct,93,0,0.0,93,0.1493,B (Minor Jitter) - slight geometric jitter,0.1502,0.2072,0.0315,0.2697,1.0,complete,,direct,93,0,0.0,93,0.2312,B (Minor Jitter) - slight geometric jitter,0.2332,0.3384,0.0128,0.8142,1.0,complete,,direct,93,0,0.0,93,0.1697,B (Minor Jitter) - slight geometric jitter,0.091,0.3171,0.032,0.9998,1.0,complete,,direct,93,0,0.0,93,0.1902,B (Minor Jitter) - slight geometric jitter,0.1248,0.3311,0.0389,0.415,1.0,337.7056349609629,1.5227113150176592,1.0523805340053514,4.180165682977531,4.1964620929793455,5754609152,356.8551920320024
COSMOS2.5,0030.mp4,a6edd56d0d33e9b1ab6f35e38e1af82c4158a431b979f9f0b1e4b299776f7938,complete,,False,not_selected,,complete,,direct,93,0,0.0,93,0.1255,B (Minor Jitter) - slight geometric jitter,0.0664,0.2365,0.0221,0.0615,1.0,complete,,direct,93,0,0.0,93,0.3033,C (Obvious Distortion) - obvious perspective illusion or foot sliding,0.3512,0.3998,0.0143,0.2688,1.0,complete,,direct,93,0,0.0,93,0.2143,B (Minor Jitter) - slight geometric jitter,0.151,0.3569,0.0557,0.3721,1.0,complete,,direct,93,0,0.0,93,0.3529,C (Obvious Distortion) - obvious perspective illusion or foot sliding,0.5041,0.3559,0.0444,0.3421,1.0,complete,,direct,93,0,0.0,93,0.3277,C (Obvious Distortion) - obvious perspective illusion or foot sliding,0.4886,0.2995,0.0622,0.8705,1.0,complete,,direct,93,0,0.0,93,0.1169,B (Minor Jitter) - slight geometric jitter,0.0476,0.2087,0.0717,0.785,1.0,370.6956686290214,1.5884034690097906,0.9195115440525115,3.5664316060137935,3.5821794780204073,5754609152,383.82863960403483
COSMOS2.5,0031.mp4,0c5c3928c2150c498da170c42e97f0c9e37450e9c3742f2acce0f0676f375b14,complete,,False,not_selected,,complete,,direct,93,0,0.0,93,0.1375,B (Minor Jitter) - slight geometric jitter,0.0841,0.2392,0.0409,0.1172,1.0,complete,,direct,93,0,0.0,93,0.3009,C (Obvious Distortion) - obvious perspective illusion or foot sliding,0.3963,0.3371,0.0379,0.2847,1.0,complete,,direct,93,0,0.0,93,0.2598,B (Minor Jitter) - slight geometric jitter,0.3124,0.334,0.0063,0.0,1.0,complete,,direct,93,0,0.0,93,0.3395,C (Obvious Distortion) - obvious perspective illusion or foot sliding,0.3909,0.4452,0.0252,0.5795,1.0,complete,,direct,93,0,0.0,93,0.3152,C (Obvious Distortion) - obvious perspective illusion or foot sliding,0.4049,0.3721,0.0219,0.0,1.0,complete,,direct,93,0,0.0,93,0.2201,B (Minor Jitter) - slight geometric jitter,0.2262,0.3068,0.0346,0.5987,1.0,344.5401903919992,1.6002240730449557,0.9925833310117014,10.033669770986307,10.072353061987087,5754609152,366.39347231801366
COSMOS2.5,0032.mp4,714caeab275316351b368c43a8f8e5b2243f24a7d5d8a225df7ec6c65d999a83,complete,,False,not_selected,,complete,,direct,93,0,0.0,93,0.1089,B (Minor Jitter) - slight geometric jitter,0.0541,0.2099,0.0166,0.1277,1.0,complete,,direct,93,0,0.0,93,0.2971,B (Minor Jitter) - slight geometric jitter,0.3562,0.3741,0.0247,0.3429,1.0,failed,only 70/93 frames have valid target depths; need at least 75,unavailable,70,0,0.0,93,,,,,,,,complete,,direct,93,0,0.0,93,0.27,B (Minor Jitter) - slight geometric jitter,0.2095,0.4531,0.025,0.9716,1.0,complete,,direct,93,0,0.0,93,0.1401,B (Minor Jitter) - slight geometric jitter,0.1076,0.2268,0.0319,0.8234,1.0,complete,,direct,93,0,0.0,93,0.126,B (Minor Jitter) - slight geometric jitter,0.0804,0.2041,0.0611,0.5465,1.0,370.01204860396683,1.5228104679845273,0.8690353160491213,3.552026070014108,3.5687411469989456,5754609152,382.33257185301045
COSMOS2.5,0033.mp4,6235284e668965609f472fdfe6181675aab2b340de2449c30dfa2101c0887c64,complete,,False,not_selected,,complete,,direct,93,0,0.0,93,0.1922,B (Minor Jitter) - slight geometric jitter,0.0395,0.4279,0.0263,0.1998,1.0,complete,,direct,93,0,0.0,93,0.2669,B (Minor Jitter) - slight geometric jitter,0.4135,0.2412,0.025,0.4157,1.0,failed,only 6/93 frames have valid target depths; need at least 75,unavailable,6,0,0.0,93,,,,,,,,complete,,direct,93,0,0.0,93,0.2957,B (Minor Jitter) - slight geometric jitter,0.4002,0.3315,0.015,0.4747,1.0,complete,,direct,93,0,0.0,93,0.2679,B (Minor Jitter) - slight geometric jitter,0.1823,0.4581,0.0591,0.4991,1.0,complete,,direct,93,0,0.0,93,0.2176,B (Minor Jitter) - slight geometric jitter,0.113,0.3912,0.0796,0.0,1.0,424.1442131549702,1.809511435974855,0.9620697890059091,2.081915154005401,2.0991788000101224,5754609152,436.3871347060194
COSMOS2.5,0034.mp4,c2ebfade8de17a49923d55df15494573ac79b5599139b49ef05cfe2dd898b385,complete,,False,not_selected,,complete,,direct,93,0,0.0,93,0.1613,B (Minor Jitter) - slight geometric jitter,0.0498,0.3377,0.0318,0.19,1.0,complete,,direct,93,0,0.0,93,0.3163,C (Obvious Distortion) - obvious perspective illusion or foot sliding,0.4182,0.3597,0.0257,0.3943,1.0,complete,,direct,93,0,0.0,93,0.3021,C (Obvious Distortion) - obvious perspective illusion or foot sliding,0.4328,0.3112,0.0223,0.5569,1.0,complete,,direct,93,0,0.0,93,0.3472,C (Obvious Distortion) - obvious perspective illusion or foot sliding,0.3754,0.4847,0.0157,0.5537,1.0,complete,,direct,93,0,0.0,93,0.3331,C (Obvious Distortion) - obvious perspective illusion or foot sliding,0.2334,0.5852,0.0281,0.0,1.0,complete,,direct,93,0,0.0,93,0.2298,B (Minor Jitter) - slight geometric jitter,0.1053,0.4427,0.0529,0.0,1.0,358.1420945400023,1.6317817940143868,1.1954580640303902,2.707722289953381,2.7242073459201492,5754609152,370.8587588109658
COSMOS2.5,0035.mp4,37c1adc4a14495cacdc626186ffc2706b356eb2bd93c5e11efb28ec242f3cbac,complete,,False,not_selected,,complete,,direct,93,0,0.0,93,0.0986,A (Physical Realism) - physically consistent and tight,0.0486,0.1868,0.0224,0.0788,1.0,complete,,direct,93,0,0.0,93,0.3195,C (Obvious Distortion) - obvious perspective illusion or foot sliding,0.5178,0.2705,0.0211,0.2646,1.0,complete,,direct,93,0,0.0,93,0.1643,B (Minor Jitter) - slight geometric jitter,0.177,0.2132,0.0412,0.3562,1.0,complete,,direct,93,0,0.0,93,0.2036,B (Minor Jitter) - slight geometric jitter,0.1038,0.3975,0.0155,0.7916,1.0,complete,,direct,93,0,0.0,93,0.1513,B (Minor Jitter) - slight geometric jitter,0.0678,0.2998,0.0214,0.6936,1.0,complete,,direct,93,0,0.0,93,0.1677,B (Minor Jitter) - slight geometric jitter,0.0918,0.3091,0.0369,0.9641,1.0,377.53320401598467,1.5398947260109708,1.071930281992536,1.9769299880135804,1.9933524470543489,5754609152,392.40222169301705
COSMOS2.5,0036.mp4,ffadd927a3b079b7b529e34bd55c728c71e44f83a87a98c4d3c4d5d4b01f30fe,complete,,False,not_selected,,complete,,direct,93,0,0.0,93,0.1648,B (Minor Jitter) - slight geometric jitter,0.0572,0.342,0.0256,0.1434,1.0,complete,,direct,93,0,0.0,93,0.2175,B (Minor Jitter) - slight geometric jitter,0.2439,0.2936,0.0124,0.3116,1.0,failed,only 2/93 frames have valid target depths; need at least 75,unavailable,2,0,0.0,93,,,,,,,,complete,,direct,93,0,0.0,93,0.2535,B (Minor Jitter) - slight geometric jitter,0.241,0.3848,0.016,0.6918,1.0,complete,,direct,93,0,0.0,93,0.2658,B (Minor Jitter) - slight geometric jitter,0.1865,0.4113,0.1336,0.0667,1.0,complete,,direct,93,0,0.0,93,0.5437,C (Obvious Distortion) - obvious perspective illusion or foot sliding,0.4705,0.3888,1.0,0.0016,1.0,362.933926165977,1.573236218013335,0.907455901033245,2.6906831189990044,2.7074293549521826,5754609152,375.2966430140077
COSMOS2.5,0037.mp4,9b51f26d5536b637dcc82214987dc855be9ce848f97c90909deb46089465f2a6,complete,,False,not_selected,,complete,,direct,93,0,0.0,93,0.0881,A (Physical Realism) - physically consistent and tight,0.0407,0.166,0.0273,0.1694,1.0,complete,,direct,93,0,0.0,93,0.2633,B (Minor Jitter) - slight geometric jitter,0.4112,0.2359,0.0223,0.3753,1.0,complete,,direct,93,0,0.0,93,0.4835,C (Obvious Distortion) - obvious perspective illusion or foot sliding,0.7074,0.4924,0.018,0.9842,1.0,complete,,direct,93,0,0.0,93,0.1717,B (Minor Jitter) - slight geometric jitter,0.0981,0.3265,0.0092,0.6788,1.0,complete,,direct,93,0,0.0,93,0.2704,B (Minor Jitter) - slight geometric jitter,0.3359,0.2434,0.1934,0.9775,1.0,complete,,direct,93,0,0.0,93,0.1374,B (Minor Jitter) - slight geometric jitter,0.1189,0.2083,0.0324,0.9568,1.0,378.78248931799317,1.5830100729945116,0.9542095569777302,3.400967066991143,3.4169606269570068,5754609152,392.0828777300194
COSMOS2.5,0038.mp4,35d935ed03d87f6cd3befbcf014524353023b167a3a33ec55e76a6aed32f81dc,complete,,False,not_selected,,complete,,direct,93,0,0.0,93,0.1243,B (Minor Jitter) - slight geometric jitter,0.0579,0.2371,0.0316,0.1486,1.0,complete,,direct,93,0,0.0,93,0.3458,C (Obvious Distortion) - obvious perspective illusion or foot sliding,0.591,0.2588,0.0293,0.3708,1.0,complete,,direct,93,0,0.0,93,0.1651,B (Minor Jitter) - slight geometric jitter,0.1633,0.2281,0.0427,0.4312,1.0,complete,,direct,93,0,0.0,93,0.2166,B (Minor Jitter) - slight geometric jitter,0.212,0.3241,0.0109,0.6441,1.0,complete,,direct,93,0,0.0,93,0.1678,B (Minor Jitter) - slight geometric jitter,0.0179,0.3194,0.1643,0.6403,1.0,complete,,direct,93,0,0.0,93,0.1617,B (Minor Jitter) - slight geometric jitter,0.1289,0.2367,0.0772,0.6421,1.0,353.3759164339863,1.5558388759964146,0.8900061849853955,2.6840983009897172,2.6995616409694776,5754609152,365.4742458750261
COSMOS2.5,0039.mp4,7b228facb1c1c1fc60224630ae5c0daa539a7593a1b2ccd0618eaeae82d0608c,complete,,False,not_selected,,complete,,direct,93,0,0.0,93,0.1568,B (Minor Jitter) - slight geometric jitter,0.111,0.2636,0.0347,0.0928,1.0,complete,,direct,93,0,0.0,93,0.2634,B (Minor Jitter) - slight geometric jitter,0.4584,0.1843,0.0315,0.2598,1.0,complete,,direct,93,0,0.0,93,0.2219,B (Minor Jitter) - slight geometric jitter,0.2081,0.3237,0.0458,0.1309,1.0,complete,,direct,93,0,0.0,93,0.2538,B (Minor Jitter) - slight geometric jitter,0.1781,0.45,0.0127,0.0,1.0,complete,,direct,93,0,0.0,93,0.3842,C (Obvious Distortion) - obvious perspective illusion or foot sliding,0.3729,0.5698,0.0352,0.0,1.0,complete,,direct,93,0,0.0,93,0.2679,B (Minor Jitter) - slight geometric jitter,0.14,0.5012,0.0573,0.9841,1.0,381.4325291439891,1.6492890610243194,0.9136947370134294,2.0347237910027616,2.0502654390293173,5754609152,393.7026228729519
COSMOS2.5,0040.mp4,7b682573602bf246ba3ceeb1e2022a4f2ff5b3598a0d03f3a0cb20c801554104,complete,,False,not_selected,,complete,,direct,93,0,0.0,93,0.1517,B (Minor Jitter) - slight geometric jitter,0.0755,0.2918,0.0238,0.122,1.0,complete,,direct,93,0,0.0,93,0.1821,B (Minor Jitter) - slight geometric jitter,0.1515,0.2953,0.0167,0.3714,1.0,complete,,direct,93,0,0.0,93,0.364,C (Obvious Distortion) - obvious perspective illusion or foot sliding,0.5211,0.378,0.0218,0.4897,1.0,complete,,direct,93,0,0.0,93,0.3696,C (Obvious Distortion) - obvious perspective illusion or foot sliding,0.4412,0.466,0.0337,0.21,1.0,complete,,direct,93,0,0.0,93,0.2986,B (Minor Jitter) - slight geometric jitter,0.4032,0.3093,0.0682,0.4705,1.0,complete,,direct,93,0,0.0,93,0.1511,B (Minor Jitter) - slight geometric jitter,0.1084,0.2386,0.0617,0.8566,1.0,361.44723526301095,1.6507086479687132,0.8730902539682575,2.697821063979063,2.713890496001113,5754609152,373.90499482199084
COSMOS2.5,0041.mp4,5903be8fc09a60d274b0af8e043e51c93e87fb8f59104a2194a1e1c32d41b348,complete,,False,not_selected,,complete,,direct,93,0,0.0,93,0.174,B (Minor Jitter) - slight geometric jitter,0.0973,0.3324,0.0109,0.0702,1.0,complete,,direct,93,0,0.0,93,0.2365,B (Minor Jitter) - slight geometric jitter,0.3172,0.2591,0.0301,0.2479,1.0,complete,,direct,93,0,0.0,93,0.207,B (Minor Jitter) - slight geometric jitter,0.2769,0.2396,0.0022,0.7225,1.0,complete,,direct,93,0,0.0,93,0.2851,B (Minor Jitter) - slight geometric jitter,0.3872,0.3191,0.013,0.6388,1.0,complete,,direct,93,0,0.0,93,0.228,B (Minor Jitter) - slight geometric jitter,0.0428,0.501,0.0524,0.6592,1.0,complete,,direct,93,0,0.0,93,0.2637,B (Minor Jitter) - slight geometric jitter,0.2374,0.3821,0.0796,0.7039,1.0,377.4255111350212,1.556945821037516,0.9663665390107781,3.1080658410210162,3.1246088800253347,5754609152,390.1841502279858
COSMOS2.5,0042.mp4,7e6b8182e785a607212fa806c42a39525a4f6c46acdaf9d8b3d5d4f37faa1f94,complete,,False,not_selected,,complete,,direct,93,0,0.0,93,0.1101,B (Minor Jitter) - slight geometric jitter,0.0593,0.2051,0.0216,0.1039,1.0,complete,,direct,93,0,0.0,93,0.2493,B (Minor Jitter) - slight geometric jitter,0.3438,0.2721,0.0148,0.2764,1.0,complete,,direct,93,0,0.0,93,0.2703,B (Minor Jitter) - slight geometric jitter,0.1827,0.454,0.0781,0.7225,1.0,complete,,direct,93,0,0.0,93,0.2488,B (Minor Jitter) - slight geometric jitter,0.2178,0.3954,0.0173,0.9214,1.0,complete,,direct,93,0,0.0,93,0.1233,B (Minor Jitter) - slight geometric jitter,0.0782,0.2147,0.031,0.726,1.0,complete,,direct,93,0,0.0,93,0.1082,B (Minor Jitter) - slight geometric jitter,0.0793,0.1641,0.0541,0.7123,1.0,362.6732999670203,1.6583714009611867,0.902238740993198,2.732843170000706,2.7484485399909317,5754609152,375.1025660270243
COSMOS2.5,0043.mp4,5ed59a6a98c3faa0afef0e5a2b17498eaa651264c035e8ab11bd4d0094871d4c,complete,,False,not_selected,,complete,,direct,93,0,0.0,93,0.1895,B (Minor Jitter) - slight geometric jitter,0.0416,0.4131,0.0382,0.0786,1.0,complete,,direct,93,0,0.0,93,0.3142,C (Obvious Distortion) - obvious perspective illusion or foot sliding,0.3969,0.3803,0.0168,0.3512,1.0,complete,,direct,93,0,0.0,93,0.6588,F (Geometric Failure) - geometric coherence breaks down,1.1436,0.4287,0.1493,0.4628,1.0,complete,,direct,93,0,0.0,93,0.3452,C (Obvious Distortion) - obvious perspective illusion or foot sliding,0.4166,0.4384,0.0161,0.4955,1.0,complete,,direct,93,0,0.0,93,0.2749,B (Minor Jitter) - slight geometric jitter,0.161,0.4949,0.0627,0.4484,1.0,complete,,direct,93,0,0.0,93,0.208,B (Minor Jitter) - slight geometric jitter,0.0774,0.4152,0.0547,0.0,1.0,392.28557642304804,1.6356633710092865,1.0138440319569781,3.4192762179882266,3.440824700985104,5754609152,405.37773529597325
COSMOS2.5,0044.mp4,f5a9dc726a1a0de658859d18a57323d1456d58a8a2056e46abbe6743b43149df,complete,,False,not_selected,,complete,,direct,93,0,0.0,93,0.109,B (Minor Jitter) - slight geometric jitter,0.0701,0.1812,0.0423,0.1184,1.0,complete,,direct,93,0,0.0,93,0.2837,B (Minor Jitter) - slight geometric jitter,0.4936,0.2046,0.0223,0.3877,1.0,complete,,direct,93,0,0.0,93,0.1639,B (Minor Jitter) - slight geometric jitter,0.1705,0.2014,0.0757,0.5084,1.0,complete,,direct,93,0,0.0,93,0.2207,B (Minor Jitter) - slight geometric jitter,0.1113,0.4344,0.012,0.7032,1.0,complete,,direct,93,0,0.0,93,0.1939,B (Minor Jitter) - slight geometric jitter,0.1462,0.3308,0.0155,0.663,1.0,complete,,direct,93,0,0.0,93,0.1867,B (Minor Jitter) - slight geometric jitter,0.1678,0.2799,0.0383,0.5853,1.0,372.998839204025,1.5705767479958013,0.9264053300139494,2.716817512991838,2.733329272014089,5754609152,385.1402605070034
COSMOS2.5,0045.mp4,29bdd3424dce42e0a534bf59a53e153ce35de9fe556186d6a571394ccc3ba42c,complete,,False,not_selected,,complete,,direct,93,0,0.0,93,0.2004,B (Minor Jitter) - slight geometric jitter,0.1878,0.2973,0.0316,0.1539,1.0,complete,,direct,93,0,0.0,93,0.357,C (Obvious Distortion) - obvious perspective illusion or foot sliding,0.4659,0.4205,0.0124,0.3759,1.0,complete,,interpolation_fallback,83,10,0.10752688172043011,93,2.3266,F (Geometric Failure) - geometric coherence breaks down,5.4014,0.3917,0.0468,0.4763,0.8924731182795699,complete,,direct,93,0,0.0,93,0.2802,B (Minor Jitter) - slight geometric jitter,0.251,0.4347,0.0299,0.7135,1.0,complete,,direct,93,0,0.0,93,0.3174,C (Obvious Distortion) - obvious perspective illusion or foot sliding,0.2895,0.4249,0.1583,0.3303,1.0,complete,,direct,93,0,0.0,93,0.2057,B (Minor Jitter) - slight geometric jitter,0.1176,0.3702,0.0527,0.0405,1.0,384.0244541299762,1.558902773016598,0.9505571100162342,3.0601054720464163,3.0763398980489,5754609152,403.9939933880232
COSMOS2.5,0046.mp4,584bcfe6cb6069f1740ed6558f690bb238eec0dd0cdf4b8f62cc13b14cd4d8ce,complete,,False,not_selected,,complete,,direct,93,0,0.0,93,0.1393,B (Minor Jitter) - slight geometric jitter,0.0505,0.2766,0.0421,0.1181,1.0,complete,,direct,93,0,0.0,93,0.4025,C (Obvious Distortion) - obvious perspective illusion or foot sliding,0.417,0.5687,0.0408,0.3386,1.0,failed,only 69/93 frames have valid target depths; need at least 75,unavailable,69,0,0.0,93,,,,,,,,complete,,direct,93,0,0.0,93,0.3457,C (Obvious Distortion) - obvious perspective illusion or foot sliding,0.3176,0.5386,0.0159,0.6818,1.0,complete,,direct,93,0,0.0,93,0.286,B (Minor Jitter) - slight geometric jitter,0.1797,0.4845,0.1016,0.0,1.0,complete,,direct,93,0,0.0,93,0.2315,B (Minor Jitter) - slight geometric jitter,0.0727,0.481,0.0502,0.6976,1.0,367.8049329780042,1.7343070880160667,1.0781003510346636,2.7075376579887234,2.7258035370032303,5754609152,380.3301093930495
COSMOS2.5,0047.mp4,78b74a43562f7ffd07625212e54f324173b7e8da043b3b085921421c47f54a9b,complete,,False,not_selected,,complete,,direct,93,0,0.0,93,0.1157,B (Minor Jitter) - slight geometric jitter,0.0368,0.235,0.035,0.1739,1.0,complete,,direct,93,0,0.0,93,0.4447,C (Obvious Distortion) - obvious perspective illusion or foot sliding,0.6669,0.4313,0.0272,0.4159,1.0,complete,,direct,93,0,0.0,93,0.1931,B (Minor Jitter) - slight geometric jitter,0.1652,0.3041,0.0267,0.4974,1.0,complete,,direct,93,0,0.0,93,0.315,C (Obvious Distortion) - obvious perspective illusion or foot sliding,0.4685,0.3116,0.0149,0.4534,1.0,complete,,direct,93,0,0.0,93,0.2296,B (Minor Jitter) - slight geometric jitter,0.0458,0.5157,0.0249,0.9597,1.0,complete,,direct,93,0,0.0,93,0.2532,B (Minor Jitter) - slight geometric jitter,0.1316,0.4637,0.0758,0.0,1.0,403.1879626570153,1.6829782199929468,1.0932237629895099,3.044385979010258,3.0605637990520336,5754609152,416.049009069975
COSMOS2.5,0053.mp4,f8357800765a38b8e47338d532885c46723705a88acd498b001fa7b97b21770e,complete,,False,not_selected,,complete,,direct,93,0,0.0,93,0.1173,B (Minor Jitter) - slight geometric jitter,0.0451,0.2345,0.0274,0.1999,1.0,complete,,direct,93,0,0.0,93,0.2584,B (Minor Jitter) - slight geometric jitter,0.3613,0.266,0.0371,0.3948,1.0,failed,only 20/93 frames have valid target depths; need at least 75,unavailable,20,0,0.0,93,,,,,,,,complete,,direct,93,0,0.0,93,0.2043,B (Minor Jitter) - slight geometric jitter,0.28,0.2173,0.0266,0.9912,1.0,complete,,direct,93,0,0.0,93,0.4335,C (Obvious Distortion) - obvious perspective illusion or foot sliding,0.7828,0.2555,0.0908,0.9734,1.0,complete,,interpolation_fallback,92,1,0.010752688172043012,93,1.1256,F (Geometric Failure) - geometric coherence breaks down,2.0036,0.3105,1.0,0.0,0.989247311827957,356.56056727597024,1.619073803012725,0.8559908799943514,2.7004147229599766,2.7166774289798923,5754609152,368.27201194601366
COSMOS2.5,0054.mp4,8f994a2c8b31df652f18a5e0cce6b8fb83809fc42a9ca3f044efcfed4e382f9f,complete,,False,not_selected,,complete,,direct,93,0,0.0,93,0.1616,B (Minor Jitter) - slight geometric jitter,0.0586,0.33,0.0307,0.2834,1.0,complete,,direct,93,0,0.0,93,0.227,B (Minor Jitter) - slight geometric jitter,0.2712,0.2818,0.0294,0.7228,1.0,failed,only 67/93 frames have valid target depths; need at least 75,unavailable,67,0,0.0,93,,,,,,,,complete,,direct,93,0,0.0,93,0.2178,B (Minor Jitter) - slight geometric jitter,0.3119,0.2238,0.0176,0.9046,1.0,complete,,direct,93,0,0.0,93,0.1911,B (Minor Jitter) - slight geometric jitter,0.2008,0.2728,0.0086,0.9516,1.0,failed,only 36/93 frames have valid target depths; need at least 75,unavailable,36,0,0.0,93,,,,,,,,350.903341836005,1.624837031995412,0.919233349035494,2.7463158310274594,2.763648174062837,5754609152,362.17539909499465
COSMOS2.5,0055.mp4,c27a05daf506529e2ef56e797463e5546b7044acf2f76a5cfb083ecbce937dc8,complete,,False,not_selected,,complete,,direct,93,0,0.0,93,0.1236,B (Minor Jitter) - slight geometric jitter,0.0263,0.2683,0.0288,0.2306,1.0,complete,,direct,93,0,0.0,93,0.2778,B (Minor Jitter) - slight geometric jitter,0.3915,0.2922,0.0214,0.4373,1.0,failed,only 2/93 frames have valid target depths; need at least 75,unavailable,2,0,0.0,93,,,,,,,,complete,,direct,93,0,0.0,93,0.236,B (Minor Jitter) - slight geometric jitter,0.2649,0.3155,0.0195,0.9941,1.0,complete,,direct,93,0,0.0,93,0.3076,C (Obvious Distortion) - obvious perspective illusion or foot sliding,0.4734,0.258,0.0753,0.9809,1.0,complete,,direct,93,0,0.0,93,0.672,F (Geometric Failure) - geometric coherence breaks down,0.7345,0.4454,1.0,0.0,1.0,379.65135168499546,1.8439333220012486,0.7895025089965202,1.9700390999787487,1.9851439379854128,5754609152,390.7041804390028
COSMOS2.5,0056.mp4,04b0e11655d573246218bb5d84770b219cc63f029cb8a916835d5ae7efa383e8,complete,,False,not_selected,,complete,,direct,93,0,0.0,93,0.1229,B (Minor Jitter) - slight geometric jitter,0.026,0.2623,0.038,0.1682,1.0,complete,,direct,93,0,0.0,93,0.3085,C (Obvious Distortion) - obvious perspective illusion or foot sliding,0.4752,0.2852,0.0216,0.3946,1.0,complete,,direct,93,0,0.0,93,0.3812,C (Obvious Distortion) - obvious perspective illusion or foot sliding,0.1286,0.3244,1.0,0.5654,1.0,complete,,direct,93,0,0.0,93,0.2555,B (Minor Jitter) - slight geometric jitter,0.4365,0.1952,0.0143,0.9827,1.0,complete,,direct,93,0,0.0,93,0.2675,B (Minor Jitter) - slight geometric jitter,0.3321,0.3163,0.0405,0.3778,1.0,complete,,direct,93,0,0.0,93,0.5475,C (Obvious Distortion) - obvious perspective illusion or foot sliding,0.5196,0.3491,1.0,0.5805,1.0,353.7612853019964,1.531248663959559,0.8522375840111636,2.6773590960074216,2.694838522002101,5754609152,365.90260467800545
COSMOS2.5,0057.mp4,4a4abd49b0c1a24ab3574e7384cb9e94661d21945d1618c253ccad4358ec848d,complete,,False,not_selected,,complete,,direct,93,0,0.0,93,0.1211,B (Minor Jitter) - slight geometric jitter,0.0112,0.2832,0.0166,0.0757,1.0,complete,,direct,93,0,0.0,93,0.3317,C (Obvious Distortion) - obvious perspective illusion or foot sliding,0.4809,0.3367,0.0234,0.2541,1.0,complete,,direct,93,0,0.0,93,0.3947,C (Obvious Distortion) - obvious perspective illusion or foot sliding,0.1418,0.3451,1.0,0.3654,1.0,complete,,direct,93,0,0.0,93,0.2621,B (Minor Jitter) - slight geometric jitter,0.3699,0.2735,0.0237,0.9684,1.0,complete,,direct,93,0,0.0,93,0.3926,C (Obvious Distortion) - obvious perspective illusion or foot sliding,0.4863,0.4529,0.0849,0.7803,1.0,complete,,direct,93,0,0.0,93,0.457,C (Obvious Distortion) - obvious perspective illusion or foot sliding,0.3476,0.2949,1.0,0.0,1.0,376.28680151700974,1.8363487150054425,0.9395195340039209,2.027669624018017,2.0456636790186167,5754609152,387.9200721049565
COSMOS2.5,0058.mp4,2ab01b8664790680afce91ddcc5b056c72982f1cae74ce0899c314d8eb36ce65,complete,,False,not_selected,,complete,,direct,93,0,0.0,93,0.1108,B (Minor Jitter) - slight geometric jitter,0.0723,0.1936,0.022,0.1113,1.0,complete,,direct,93,0,0.0,93,0.225,B (Minor Jitter) - slight geometric jitter,0.3328,0.2252,0.009,0.3205,1.0,failed,only 23/93 frames have valid target depths; need at least 75,unavailable,23,0,0.0,93,,,,,,,,complete,,direct,93,0,0.0,93,0.2724,B (Minor Jitter) - slight geometric jitter,0.3178,0.3487,0.0291,0.5915,1.0,complete,,direct,93,0,0.0,93,0.2307,B (Minor Jitter) - slight geometric jitter,0.1714,0.3843,0.0421,0.0,1.0,complete,,direct,93,0,0.0,93,0.2112,B (Minor Jitter) - slight geometric jitter,0.1804,0.3184,0.0583,0.4903,1.0,352.78832323197275,1.6201768899918534,1.0085713339503855,2.6988792659831233,2.7142707830062136,5754609152,364.91492597199976
COSMOS2.5,0059.mp4,7446480c14ea5e8f9e54b97897f1835dd8617e0fd7060310c7b84addaf08ad1b,complete,,False,not_selected,,complete,,direct,93,0,0.0,93,0.1177,B (Minor Jitter) - slight geometric jitter,0.0648,0.2138,0.0311,0.1119,1.0,complete,,direct,93,0,0.0,93,0.2205,B (Minor Jitter) - slight geometric jitter,0.3665,0.1703,0.0289,0.3357,1.0,complete,,direct,93,0,0.0,93,0.2962,B (Minor Jitter) - slight geometric jitter,0.4295,0.2754,0.071,0.6859,1.0,complete,,direct,93,0,0.0,93,0.3172,C (Obvious Distortion) - obvious perspective illusion or foot sliding,0.53,0.2534,0.019,0.6711,1.0,complete,,direct,93,0,0.0,93,0.2317,B (Minor Jitter) - slight geometric jitter,0.1914,0.3794,0.0169,0.7356,1.0,complete,,direct,93,0,0.0,93,0.6657,F (Geometric Failure) - geometric coherence breaks down,0.7036,0.4608,1.0,0.9801,1.0,384.72305636497913,1.546500179974828,0.9478206220082939,2.0263191810227,2.0426624820102006,5754609152,396.2368234640453
COSMOS2.5,0060.mp4,27b12def2b851d2de59a36e30571c22c4f3958e81d26f36c38f1547b6c592d6e,complete,,False,not_selected,,complete,,direct,93,0,0.0,93,0.108,B (Minor Jitter) - slight geometric jitter,0.0573,0.1987,0.0282,0.1219,1.0,complete,,direct,93,0,0.0,93,0.267,B (Minor Jitter) - slight geometric jitter,0.3557,0.2994,0.0248,0.294,1.0,complete,,interpolation_fallback,81,12,0.12903225806451613,93,7.0798,F (Geometric Failure) - geometric coherence breaks down,17.2826,0.4044,0.0253,0.9855,0.8709677419354839,complete,,direct,93,0,0.0,93,0.273,B (Minor Jitter) - slight geometric jitter,0.4105,0.2659,0.0121,0.6576,1.0,complete,,direct,93,0,0.0,93,0.2686,B (Minor Jitter) - slight geometric jitter,0.2496,0.41,0.0237,0.8914,1.0,complete,,direct,93,0,0.0,93,0.6915,F (Geometric Failure) - geometric coherence breaks down,0.6865,0.5421,1.0,0.6683,1.0,340.5234756830032,1.5298708549817093,1.1426100180251524,4.155589489964768,4.17306003900012,5754609152,354.5896400650381
COSMOS2.5,0061.mp4,f76ffa5278969b061e5df2c7c785f97029dd5b605ed0a378bac3fd64ed4ccdc5,complete,,False,not_selected,,complete,,direct,93,0,0.0,93,0.0942,A (Physical Realism) - physically consistent and tight,0.0652,0.1625,0.0156,0.1918,1.0,complete,,direct,93,0,0.0,93,0.1995,B (Minor Jitter) - slight geometric jitter,0.3123,0.1683,0.0363,0.4383,1.0,failed,only 30/93 frames have valid target depths; need at least 75,unavailable,30,0,0.0,93,,,,,,,,complete,,direct,93,0,0.0,93,0.3634,C (Obvious Distortion) - obvious perspective illusion or foot sliding,0.5888,0.3093,0.0209,0.8587,1.0,complete,,direct,93,0,0.0,93,0.2724,B (Minor Jitter) - slight geometric jitter,0.289,0.3685,0.0469,0.4885,1.0,complete,,direct,93,0,0.0,93,0.4976,C (Obvious Distortion) - obvious perspective illusion or foot sliding,0.4064,0.3376,1.0,0.7333,1.0,382.1438499109936,1.55220920604188,0.8622923609800637,2.5058742609689943,2.522381468967069,5754609152,393.64015207096236
COSMOS2.5,0062.mp4,f51a3d8c15975a997a7c64103271002019f7aaf4d96aea143bf101cb63ae405d,complete,,False,not_selected,,complete,,direct,93,0,0.0,93,0.1858,B (Minor Jitter) - slight geometric jitter,0.0833,0.3639,0.0346,0.1234,1.0,complete,,direct,93,0,0.0,93,0.3079,C (Obvious Distortion) - obvious perspective illusion or foot sliding,0.3574,0.4004,0.0241,0.2993,1.0,complete,,direct,93,0,0.0,93,0.2842,B (Minor Jitter) - slight geometric jitter,0.3172,0.3806,0.0256,0.7645,1.0,complete,,direct,93,0,0.0,93,0.3405,C (Obvious Distortion) - obvious perspective illusion or foot sliding,0.571,0.2659,0.0289,0.7001,1.0,complete,,direct,93,0,0.0,93,0.3211,C (Obvious Distortion) - obvious perspective illusion or foot sliding,0.4811,0.3096,0.0243,0.88,1.0,complete,,direct,93,0,0.0,93,0.599,C (Obvious Distortion) - obvious perspective illusion or foot sliding,0.6454,0.3522,1.0,0.6004,1.0,347.2840082789771,1.5956521710031666,0.8069171840324998,4.170358547009528,4.187835390039254,5754609152,360.7663798139547
COSMOS2.5,0063.mp4,ce7d53c6ea1e396a96353e9bb943b51f3e9fd38ed318d85cea58673591e812ab,complete,,False,not_selected,,complete,,direct,93,0,0.0,93,0.1377,B (Minor Jitter) - slight geometric jitter,0.1023,0.2264,0.031,0.0807,1.0,complete,,direct,93,0,0.0,93,0.3393,C (Obvious Distortion) - obvious perspective illusion or foot sliding,0.4243,0.4018,0.0443,0.3755,1.0,complete,,direct,93,0,0.0,93,0.1596,B (Minor Jitter) - slight geometric jitter,0.0504,0.3002,0.0965,0.6614,1.0,complete,,direct,93,0,0.0,93,0.3108,C (Obvious Distortion) - obvious perspective illusion or foot sliding,0.3703,0.3959,0.0213,0.9158,1.0,complete,,direct,93,0,0.0,93,0.218,B (Minor Jitter) - slight geometric jitter,0.1844,0.3259,0.0694,0.9623,1.0,complete,,direct,93,0,0.0,93,0.5068,C (Obvious Distortion) - obvious perspective illusion or foot sliding,0.2497,0.5173,1.0,0.9928,1.0,358.1191344669787,2.2754052119562402,10.280881899001542,2.4733676909818314,2.493125553941354,5754609152,382.0100535340025
COSMOS2.5,0064.mp4,4bb795a5f9879c12a4673b99f81575a7239502f49d72af720048e2b5dad2cb41,failed,command failed with status 1; see /root/autodl-tmp/pdi/batches/exact-group-links2-7-balanced-v2/jobs/COSMOS2.5_0064-4bb795a5f987/sam3.log,False,not_selected,,,,,,,,,,,,,,,,,,,,,,,,,,,,,,,,,,,,,,,,,,,,,,,,,,,,,,,,,,,,,,,,,,,,,,,,,,,,,,,,,,,,,,,,,,,,
COSMOS2.5,0065.mp4,a49d33fbee362f8b3d82401c1a25b927fb24911e1e6b2f839aaa2e1b444ead0c,complete,,False,not_selected,,complete,,direct,93,0,0.0,93,0.1626,B (Minor Jitter) - slight geometric jitter,0.0777,0.312,0.0336,0.0607,1.0,complete,,direct,93,0,0.0,93,0.3416,C (Obvious Distortion) - obvious perspective illusion or foot sliding,0.455,0.375,0.048,0.2579,1.0,complete,,direct,93,0,0.0,93,0.2613,B (Minor Jitter) - slight geometric jitter,0.3494,0.289,0.0298,0.7701,1.0,complete,,direct,93,0,0.0,93,0.2087,B (Minor Jitter) - slight geometric jitter,0.2219,0.2891,0.0216,0.9698,1.0,complete,,direct,93,0,0.0,93,0.2268,B (Minor Jitter) - slight geometric jitter,0.2486,0.3096,0.0173,0.7107,1.0,complete,,direct,93,0,0.0,93,0.1949,B (Minor Jitter) - slight geometric jitter,0.1464,0.3015,0.0789,0.9135,1.0,358.6533244570019,1.553582947992254,0.8037225370062515,2.065389883995522,2.0819854300352745,5754609152,377.00440395099577
COSMOS2.5,0066.mp4,876e0b59a588b62807918b9416bae6abb85fb4dea570876ed108c84991c01287,complete,,False,not_selected,,complete,,direct,93,0,0.0,93,0.1521,B (Minor Jitter) - slight geometric jitter,0.0618,0.3034,0.0299,0.0787,1.0,complete,,direct,93,0,0.0,93,0.2983,B (Minor Jitter) - slight geometric jitter,0.4142,0.2886,0.086,0.2689,1.0,complete,,interpolation_fallback,90,3,0.03225806451612903,93,1.4872,F (Geometric Failure) - geometric coherence breaks down,3.2534,0.4541,0.0213,0.8967,0.967741935483871,complete,,direct,93,0,0.0,93,0.3062,C (Obvious Distortion) - obvious perspective illusion or foot sliding,0.4011,0.3536,0.0218,0.9996,1.0,complete,,direct,93,0,0.0,93,0.3396,C (Obvious Distortion) - obvious perspective illusion or foot sliding,0.3834,0.4399,0.0515,0.9914,1.0,complete,,direct,93,0,0.0,93,0.5202,C (Obvious Distortion) - obvious perspective illusion or foot sliding,0.3494,0.4512,1.0,0.0,1.0,376.0442724690074,1.560336233000271,0.9940451380098239,3.363536515040323,3.380385317024775,5754609152,388.8523356539663
COSMOS2.5,0067.mp4,06f1f7a92ef67cd3581fe05b76c1d341e0d65c66279732ff3764a55bba46b2a3,complete,,False,not_selected,,complete,,direct,93,0,0.0,93,0.1357,B (Minor Jitter) - slight geometric jitter,0.0692,0.255,0.0302,0.1459,1.0,complete,,direct,93,0,0.0,93,0.2362,B (Minor Jitter) - slight geometric jitter,0.3488,0.2282,0.0271,0.3712,1.0,complete,,interpolation_fallback,83,10,0.10752688172043011,93,2.3261,F (Geometric Failure) - geometric coherence breaks down,5.3728,0.3854,0.1143,0.5345,0.8924731182795699,complete,,direct,93,0,0.0,93,0.1972,B (Minor Jitter) - slight geometric jitter,0.1754,0.3097,0.0157,0.0,1.0,complete,,direct,93,0,0.0,93,0.2401,B (Minor Jitter) - slight geometric jitter,0.2182,0.36,0.0439,0.0,1.0,complete,,direct,93,0,0.0,93,0.3056,C (Obvious Distortion) - obvious perspective illusion or foot sliding,0.1667,0.3257,0.5434,0.7552,1.0,354.240061221004,1.502917445031926,1.0004556729691103,4.466425419028383,4.4825805550208315,5754609152,368.7291616969742
COSMOS3,0000.mp4,e59866200540ae483f073965ced8a2abe7e35a06547327f473da7c642ee6e8f5,complete,,True,complete,jobs/COSMOS3_0000-e59866200540/output/replay/combined_exact-group.mp4,complete,,direct,189,0,0.0,189,0.0841,A (Physical Realism) - physically consistent and tight,0.0652,0.1376,0.0151,0.0227,1.0,complete,,direct,189,0,0.0,189,0.3577,C (Obvious Distortion) - obvious perspective illusion or foot sliding,0.5437,0.3414,0.0183,0.1968,1.0,complete,,direct,189,0,0.0,189,0.1589,B (Minor Jitter) - slight geometric jitter,0.1169,0.2707,0.0191,0.2604,1.0,complete,,direct,189,0,0.0,189,0.3301,C (Obvious Distortion) - obvious perspective illusion or foot sliding,0.5406,0.2789,0.0117,0.5723,1.0,complete,,direct,189,0,0.0,189,0.2018,B (Minor Jitter) - slight geometric jitter,0.2471,0.2564,0.0019,0.7237,1.0,complete,,direct,189,0,0.0,189,0.2772,B (Minor Jitter) - slight geometric jitter,0.3261,0.2496,0.2346,0.0,1.0,698.4851124490378,2.2356329190079123,1.0452574400114827,8.117349334002938,8.14197438803967,11603748352,722.2433779800194
COSMOS3,0001.mp4,11f4a18778539385ca852a7aa1c5110a44c36656c7bff322f725e82cbf929be4,complete,,True,complete,jobs/COSMOS3_0001-11f4a1877853/output/replay/combined_exact-group.mp4,complete,,direct,189,0,0.0,189,0.0676,A (Physical Realism) - physically consistent and tight,0.0254,0.1341,0.0189,0.1588,1.0,complete,,direct,189,0,0.0,189,0.2243,B (Minor Jitter) - slight geometric jitter,0.3528,0.2011,0.014,0.3321,1.0,complete,,direct,189,0,0.0,189,0.1593,B (Minor Jitter) - slight geometric jitter,0.1376,0.2382,0.0451,0.5595,1.0,complete,,direct,189,0,0.0,189,0.23,B (Minor Jitter) - slight geometric jitter,0.3094,0.2589,0.0135,0.9959,1.0,complete,,direct,189,0,0.0,189,0.1669,B (Minor Jitter) - slight geometric jitter,0.1278,0.2361,0.1069,0.6417,1.0,complete,,direct,189,0,0.0,189,0.2491,B (Minor Jitter) - slight geometric jitter,0.1588,0.2368,0.4543,0.8293,1.0,731.0215943160001,2.274837886041496,0.8680262940470129,8.211752599978354,8.238428782962728,11603748352,755.6099799399963
COSMOS3,0002.mp4,6e9cce2973b827c41f8b46862d77a1db10d0669e28cbdc578a8fff1a3b5b1cd8,complete,,True,complete,jobs/COSMOS3_0002-6e9cce2973b8/output/replay/combined_exact-group.mp4,complete,,direct,189,0,0.0,189,0.1002,B (Minor Jitter) - slight geometric jitter,0.0112,0.2317,0.0151,0.0351,1.0,complete,,direct,189,0,0.0,189,0.212,B (Minor Jitter) - slight geometric jitter,0.2596,0.2653,0.0103,0.2335,1.0,complete,,direct,189,0,0.0,189,0.2555,B (Minor Jitter) - slight geometric jitter,0.3604,0.273,0.0105,0.3941,1.0,complete,,direct,189,0,0.0,189,0.2644,B (Minor Jitter) - slight geometric jitter,0.3996,0.255,0.0129,0.6122,1.0,complete,,direct,189,0,0.0,189,0.1635,B (Minor Jitter) - slight geometric jitter,0.1122,0.2876,0.0176,0.7955,1.0,complete,,direct,189,0,0.0,189,0.2627,B (Minor Jitter) - slight geometric jitter,0.3925,0.2413,0.0458,0.7627,1.0,683.8397491709911,2.1931709150085226,1.1244101169868372,7.671471865964122,7.697060104983393,11603748352,706.8172760910238
COSMOS3,0003.mp4,d363acfbad433a0cb526a8431965a3993f56990fa8c3780c1d433787d90dec31,complete,,True,complete,jobs/COSMOS3_0003-d363acfbad43/output/replay/combined_exact-group.mp4,complete,,direct,189,0,0.0,189,0.0884,A (Physical Realism) - physically consistent and tight,0.0253,0.1834,0.0246,0.1442,1.0,complete,,direct,189,0,0.0,189,0.2711,B (Minor Jitter) - slight geometric jitter,0.4132,0.261,0.0074,0.4212,1.0,complete,,direct,189,0,0.0,189,0.3196,C (Obvious Distortion) - obvious perspective illusion or foot sliding,0.4444,0.3237,0.0616,0.4489,1.0,complete,,direct,189,0,0.0,189,0.2656,B (Minor Jitter) - slight geometric jitter,0.4071,0.249,0.016,0.9304,1.0,complete,,direct,189,0,0.0,189,0.2148,B (Minor Jitter) - slight geometric jitter,0.2687,0.2512,0.034,0.0,1.0,complete,,direct,189,0,0.0,189,0.3942,C (Obvious Distortion) - obvious perspective illusion or foot sliding,0.2994,0.186,1.0,0.5143,1.0,741.9092407000135,2.3271114290109836,1.0283935929764993,8.711474272015039,8.767872311989777,11603748352,768.7871086130035
COSMOS3,0004.mp4,11fa20cc4c578cc5637cb0c2190cd1b077ee724e621b82286ffc53b69d127178,complete,,True,complete,jobs/COSMOS3_0004-11fa20cc4c57/output/replay/combined_exact-group.mp4,complete,,direct,189,0,0.0,189,0.1113,B (Minor Jitter) - slight geometric jitter,0.0742,0.1991,0.0097,0.1748,1.0,complete,,direct,189,0,0.0,189,0.198,B (Minor Jitter) - slight geometric jitter,0.2664,0.2185,0.0202,0.3829,1.0,complete,,direct,189,0,0.0,189,0.1456,B (Minor Jitter) - slight geometric jitter,0.1047,0.2412,0.036,0.4888,1.0,complete,,direct,189,0,0.0,189,0.1966,B (Minor Jitter) - slight geometric jitter,0.2288,0.2539,0.0177,0.7992,1.0,complete,,direct,189,0,0.0,189,0.2913,B (Minor Jitter) - slight geometric jitter,0.4802,0.1862,0.1238,0.7962,1.0,complete,,direct,189,0,0.0,189,0.4069,C (Obvious Distortion) - obvious perspective illusion or foot sliding,0.3128,0.2045,1.0,0.949,1.0,689.5682771330466,2.2700921600335278,1.1339870080118999,7.976694522018079,8.001887400983833,11603748352,712.6987446619896
COSMOS3,0005.mp4,43b397e4de08007ce43418b84042a5db452c27f92ce6309788c1bd1bcf3a807f,complete,,True,complete,jobs/COSMOS3_0005-43b397e4de08/output/replay/combined_exact-group.mp4,complete,,direct,189,0,0.0,189,0.0844,A (Physical Realism) - physically consistent and tight,0.0321,0.1713,0.0152,0.0283,1.0,complete,,direct,189,0,0.0,189,0.2196,B (Minor Jitter) - slight geometric jitter,0.2351,0.3067,0.0145,0.1857,1.0,failed,only 26/189 frames have valid target depths; need at least 152,unavailable,26,0,0.0,189,,,,,,,,complete,,direct,189,0,0.0,189,0.2586,B (Minor Jitter) - slight geometric jitter,0.359,0.2816,0.012,0.6621,1.0,complete,,direct,189,0,0.0,189,0.2507,B (Minor Jitter) - slight geometric jitter,0.214,0.381,0.0637,0.0,1.0,complete,,direct,189,0,0.0,189,0.5068,C (Obvious Distortion) - obvious perspective illusion or foot sliding,0.3652,0.4016,1.0,0.0,1.0,724.7082901020185,2.264759074023459,1.6667646360001527,8.117998131958302,8.155044953920878,11603748352,750.380354656023
COSMOS3,0006.mp4,6407a86811c3b73ab927cbce03ac98906386cd7ce30e7c196480e0eb88514b14,complete,,True,complete,jobs/COSMOS3_0006-6407a86811c3/output/replay/combined_exact-group.mp4,complete,,direct,189,0,0.0,189,0.0787,A (Physical Realism) - physically consistent and tight,0.0162,0.1769,0.007,0.1397,1.0,complete,,direct,189,0,0.0,189,0.1541,B (Minor Jitter) - slight geometric jitter,0.1042,0.2753,0.0115,0.3995,1.0,failed,only 148/189 frames have valid target depths; need at least 152,unavailable,148,0,0.0,189,,,,,,,,complete,,direct,189,0,0.0,189,0.2219,B (Minor Jitter) - slight geometric jitter,0.2564,0.2715,0.0537,0.7074,1.0,complete,,direct,189,0,0.0,189,0.2748,B (Minor Jitter) - slight geometric jitter,0.3972,0.2539,0.0716,0.7545,1.0,complete,,direct,189,0,0.0,189,0.2717,B (Minor Jitter) - slight geometric jitter,0.4042,0.2653,0.0195,0.0,1.0,689.1468398580328,2.2317910629790276,1.121716954978183,7.785825332044624,7.8094750310410745,11603748352,712.5987791499938
COSMOS3,0007.mp4,aeba616377e90e6bc81a2ea5a31d1dd49f9b2b073270537d0dce4445981b5971,complete,,True,complete,jobs/COSMOS3_0007-aeba616377e9/output/replay/combined_exact-group.mp4,complete,,direct,189,0,0.0,189,0.0714,A (Physical Realism) - physically consistent and tight,0.0128,0.1595,0.0126,0.0988,1.0,complete,,direct,189,0,0.0,189,0.1911,B (Minor Jitter) - slight geometric jitter,0.2441,0.228,0.011,0.2785,1.0,complete,,direct,189,0,0.0,189,0.4552,C (Obvious Distortion) - obvious perspective illusion or foot sliding,0.8413,0.2547,0.0843,0.3061,1.0,complete,,direct,189,0,0.0,189,0.1932,B (Minor Jitter) - slight geometric jitter,0.2313,0.2282,0.0469,0.5713,1.0,complete,,direct,189,0,0.0,189,0.3055,C (Obvious Distortion) - obvious perspective illusion or foot sliding,0.2884,0.2392,0.4723,0.5271,1.0,complete,,direct,189,0,0.0,189,0.6125,F (Geometric Failure) - geometric coherence breaks down,0.4121,0.6192,1.0,0.5576,1.0,725.0998597069993,4.253613772976678,0.8899678459856659,7.455600366985891,7.479990108986385,11603748352,750.4536266089999
COSMOS3,0008.mp4,432cd6fbc05eb96aa7487c119839bf9a816f87d22ad2be702727a3615fc4e532,complete,,True,complete,jobs/COSMOS3_0008-432cd6fbc05e/output/replay/combined_exact-group.mp4,complete,,direct,189,0,0.0,189,0.0694,A (Physical Realism) - physically consistent and tight,0.012,0.1565,0.0101,0.0757,1.0,complete,,direct,189,0,0.0,189,0.1743,B (Minor Jitter) - slight geometric jitter,0.1887,0.2398,0.0147,0.3867,1.0,complete,,direct,189,0,0.0,189,0.0894,A (Physical Realism) - physically consistent and tight,0.034,0.1822,0.0147,0.4325,1.0,complete,,direct,189,0,0.0,189,0.2199,B (Minor Jitter) - slight geometric jitter,0.3094,0.2336,0.0134,0.7034,1.0,complete,,direct,189,0,0.0,189,0.2003,B (Minor Jitter) - slight geometric jitter,0.2322,0.2422,0.0524,0.789,1.0,complete,,direct,189,0,0.0,189,0.3362,C (Obvious Distortion) - obvious perspective illusion or foot sliding,0.5585,0.2629,0.0383,0.9273,1.0,690.2950514560216,2.21200110798236,1.1568636919837445,8.06358412996633,8.085729699989315,11603748352,713.3531521059922
COSMOS3,0009.mp4,5a74f65392c1c46a5ff9e75b7193e397cdb7ca05565c7df15911948462c8e242,complete,,True,complete,jobs/COSMOS3_0009-5a74f65392c1/output/replay/combined_exact-group.mp4,complete,,direct,189,0,0.0,189,0.0713,A (Physical Realism) - physically consistent and tight,0.0243,0.1496,0.0086,0.0916,1.0,complete,,direct,189,0,0.0,189,0.2037,B (Minor Jitter) - slight geometric jitter,0.241,0.2562,0.0243,0.2835,1.0,complete,,direct,189,0,0.0,189,0.1685,B (Minor Jitter) - slight geometric jitter,0.1278,0.275,0.037,0.4235,1.0,complete,,direct,189,0,0.0,189,0.2226,B (Minor Jitter) - slight geometric jitter,0.2694,0.2754,0.0234,0.6448,1.0,complete,,direct,189,0,0.0,189,0.2442,B (Minor Jitter) - slight geometric jitter,0.2763,0.2513,0.1656,0.7719,1.0,complete,,direct,189,0,0.0,189,0.3485,C (Obvious Distortion) - obvious perspective illusion or foot sliding,0.5029,0.2805,0.1758,0.9781,1.0,730.4159248960204,3.034858656988945,1.750891495961696,7.6593586790259,7.682785718003288,11603748352,754.3297790819779
COSMOS3,0010.mp4,bee756c9e9b7ea7d9014389a2c8e76588f8fb546846425ce2b917b84c7b2deff,complete,,False,not_selected,,complete,,direct,189,0,0.0,189,0.0818,A (Physical Realism) - physically consistent and tight,0.0194,0.1804,0.0092,0.0612,1.0,complete,,direct,189,0,0.0,189,0.3593,C (Obvious Distortion) - obvious perspective illusion or foot sliding,0.5577,0.3314,0.0184,0.3641,1.0,complete,,direct,189,0,0.0,189,0.1549,B (Minor Jitter) - slight geometric jitter,0.0917,0.276,0.0393,0.4691,1.0,complete,,direct,189,0,0.0,189,0.2451,B (Minor Jitter) - slight geometric jitter,0.3249,0.2814,0.0128,0.7391,1.0,complete,,direct,189,0,0.0,189,0.2151,B (Minor Jitter) - slight geometric jitter,0.2886,0.1637,0.1708,0.6944,1.0,complete,,direct,189,0,0.0,189,0.3911,C (Obvious Distortion) - obvious perspective illusion or foot sliding,0.3999,0.3316,0.4926,0.1952,1.0,688.3468146250234,2.2120823669829406,1.162812756956555,7.840085957024712,7.862475046014879,11603748352,711.2140020579682
COSMOS3,0011.mp4,2cc1886e710dcb9fe60dbd338a05433d8a8c818387cb3ad47cfbee76a6772c71,complete,,False,not_selected,,complete,,direct,189,0,0.0,189,0.084,A (Physical Realism) - physically consistent and tight,0.0255,0.1795,0.0102,0.0913,1.0,complete,,direct,189,0,0.0,189,0.2008,B (Minor Jitter) - slight geometric jitter,0.2786,0.2192,0.0081,0.2768,1.0,failed,only 2/189 frames have valid target depths; need at least 152,unavailable,2,0,0.0,189,,,,,,,,complete,,direct,189,0,0.0,189,0.2206,B (Minor Jitter) - slight geometric jitter,0.2384,0.277,0.0724,0.7929,1.0,complete,,direct,189,0,0.0,189,0.2161,B (Minor Jitter) - slight geometric jitter,0.2812,0.215,0.0883,0.8834,1.0,complete,,direct,189,0,0.0,189,0.3798,C (Obvious Distortion) - obvious perspective illusion or foot sliding,0.4499,0.4771,0.0452,0.6443,1.0,754.9021267010248,2.368936261977069,0.9171053810277954,4.491650120995473,4.5154765859479085,11603748352,773.6852111319895
COSMOS3,0012.mp4,2a18b84d1e91d026617e03cb2c159924d947366557f36a5fdf1ef52fbec4192a,complete,,False,not_selected,,complete,,direct,189,0,0.0,189,0.0965,A (Physical Realism) - physically consistent and tight,0.0391,0.195,0.0143,0.1442,1.0,complete,,direct,189,0,0.0,189,0.2319,B (Minor Jitter) - slight geometric jitter,0.2842,0.2906,0.01,0.3936,1.0,failed,only 2/189 frames have valid target depths; need at least 152,unavailable,2,0,0.0,189,,,,,,,,complete,,direct,189,0,0.0,189,0.2041,B (Minor Jitter) - slight geometric jitter,0.2502,0.2531,0.0139,0.8136,1.0,complete,,direct,189,0,0.0,189,0.2335,B (Minor Jitter) - slight geometric jitter,0.3362,0.222,0.0512,0.5631,1.0,complete,,interpolation_fallback,188,1,0.005291005291005291,189,0.6884,F (Geometric Failure) - geometric coherence breaks down,1.34,0.2914,0.179,0.9868,0.9947089947089947,702.7966754320078,2.2042227709898725,1.1312445029616356,7.965096654021181,7.988583483034745,11603748352,725.2785925730132
COSMOS3,0013.mp4,75ac5e9b7511b906983a4a7f8ae1d0b2361236c05db5a406f6cd82f283757350,complete,,False,not_selected,,complete,,direct,189,0,0.0,189,0.0916,A (Physical Realism) - physically consistent and tight,0.0254,0.1991,0.0091,0.0938,1.0,complete,,direct,189,0,0.0,189,0.1629,B (Minor Jitter) - slight geometric jitter,0.1287,0.2743,0.0086,0.3499,1.0,complete,,direct,189,0,0.0,189,0.1037,B (Minor Jitter) - slight geometric jitter,0.043,0.2131,0.0065,0.4295,1.0,complete,,direct,189,0,0.0,189,0.2549,B (Minor Jitter) - slight geometric jitter,0.3687,0.2605,0.0159,0.7467,1.0,complete,,direct,189,0,0.0,189,0.1611,B (Minor Jitter) - slight geometric jitter,0.0854,0.2631,0.1087,0.6714,1.0,complete,,direct,189,0,0.0,189,0.1347,B (Minor Jitter) - slight geometric jitter,0.1144,0.2179,0.0087,0.7522,1.0,730.4160332449828,2.9851875479798764,0.9460482330177911,7.920662409975193,7.940907836949918,11603748352,755.681569228007
COSMOS3,0014.mp4,d986ef3287c497c77bf42ee3e90eec0e78f5786f4ab3fbb36bd600edfe89538f,complete,,False,not_selected,,complete,,direct,189,0,0.0,189,0.0862,A (Physical Realism) - physically consistent and tight,0.0207,0.1843,0.0209,0.0,1.0,complete,,direct,189,0,0.0,189,0.1979,B (Minor Jitter) - slight geometric jitter,0.2991,0.1905,0.0104,0.0996,1.0,complete,,direct,189,0,0.0,189,0.3318,C (Obvious Distortion) - obvious perspective illusion or foot sliding,0.6056,0.2177,0.0122,0.1926,1.0,complete,,direct,189,0,0.0,189,0.1703,B (Minor Jitter) - slight geometric jitter,0.2192,0.2019,0.0095,0.9952,1.0,complete,,direct,189,0,0.0,189,0.18,B (Minor Jitter) - slight geometric jitter,0.1998,0.22,0.0603,0.3779,1.0,complete,,direct,189,0,0.0,189,0.4239,C (Obvious Distortion) - obvious perspective illusion or foot sliding,0.3513,0.2085,1.0,0.5907,1.0,719.5047269099741,2.2438423059647903,0.8679476779652759,7.2495814569992945,7.27308966597775,11603748352,741.4151567110093
COSMOS3,0015.mp4,e7fcb1812275e20869a2dcd8aa824bfff425cec47b1429e0e9e793ae8b63a2c5,complete,,False,not_selected,,complete,,direct,189,0,0.0,189,0.1342,B (Minor Jitter) - slight geometric jitter,0.1701,0.1565,0.0177,0.0961,1.0,complete,,direct,189,0,0.0,189,0.1634,B (Minor Jitter) - slight geometric jitter,0.2447,0.1592,0.0091,0.3105,1.0,complete,,direct,189,0,0.0,189,0.0957,A (Physical Realism) - physically consistent and tight,0.0425,0.1861,0.0212,0.4607,1.0,complete,,direct,189,0,0.0,189,0.1965,B (Minor Jitter) - slight geometric jitter,0.2857,0.2004,0.0102,0.8399,1.0,complete,,direct,189,0,0.0,189,0.1757,B (Minor Jitter) - slight geometric jitter,0.2498,0.1802,0.0184,0.5445,1.0,complete,,direct,189,0,0.0,189,0.2322,B (Minor Jitter) - slight geometric jitter,0.3279,0.2492,0.007,0.6557,1.0,740.1213054620312,2.285633280989714,1.2704025270068087,7.769231839047279,7.795639816089533,11603748352,763.0498278400046
COSMOS3,0016.mp4,1f033ed33579e39dbf8f2f321aac83c51c5047b2ac8816adacdd1c997d1f5b0e,complete,,False,not_selected,,complete,,direct,189,0,0.0,189,0.0893,A (Physical Realism) - physically consistent and tight,0.0479,0.1702,0.0101,0.0599,1.0,complete,,direct,189,0,0.0,189,0.2185,B (Minor Jitter) - slight geometric jitter,0.1956,0.3388,0.0238,0.242,1.0,complete,,direct,189,0,0.0,189,0.1795,B (Minor Jitter) - slight geometric jitter,0.1045,0.3291,0.0305,0.4564,1.0,complete,,direct,189,0,0.0,189,0.2503,B (Minor Jitter) - slight geometric jitter,0.3187,0.3032,0.0078,0.6402,1.0,complete,,direct,189,0,0.0,189,0.4367,C (Obvious Distortion) - obvious perspective illusion or foot sliding,0.6932,0.3782,0.0407,0.0,1.0,complete,,direct,189,0,0.0,189,0.5258,C (Obvious Distortion) - obvious perspective illusion or foot sliding,0.433,0.3814,1.0,0.0013,1.0,733.3629860959481,2.3016541279503144,1.2324491390027106,7.5123447779915296,7.54781576798996,11603748352,755.818767343997
COSMOS3,0017.mp4,021c80cb2218d95855f2cabca8ad9dac8368e04d068ff93b2d057b9e50395d8a,complete,,False,not_selected,,complete,,direct,189,0,0.0,189,0.0821,A (Physical Realism) - physically consistent and tight,0.0243,0.1725,0.0169,0.1483,1.0,complete,,direct,189,0,0.0,189,0.1991,B (Minor Jitter) - slight geometric jitter,0.292,0.1997,0.0119,0.2957,1.0,complete,,direct,189,0,0.0,189,0.3888,C (Obvious Distortion) - obvious perspective illusion or foot sliding,0.7288,0.2335,0.0196,0.7669,1.0,complete,,direct,189,0,0.0,189,0.159,B (Minor Jitter) - slight geometric jitter,0.1813,0.2105,0.0115,0.8078,1.0,complete,,direct,189,0,0.0,189,0.2282,B (Minor Jitter) - slight geometric jitter,0.332,0.2306,0.0158,0.9804,1.0,complete,,direct,189,0,0.0,189,0.2721,B (Minor Jitter) - slight geometric jitter,0.3161,0.331,0.0662,0.0925,1.0,1062.4841913889977,2.6371890890295617,1.1026012789807282,6.383809488033876,6.407683228084352,11603748352,1092.6225871669594
COSMOS3,0018.mp4,24b424a2aa33697d65a2247fac4f7462494237e2a24dfc951c7e5cbc41704925,complete,,False,not_selected,,complete,,direct,189,0,0.0,189,0.0808,A (Physical Realism) - physically consistent and tight,0.0265,0.1667,0.0176,0.1283,1.0,complete,,direct,189,0,0.0,189,0.2243,B (Minor Jitter) - slight geometric jitter,0.2842,0.2692,0.015,0.2295,1.0,complete,,direct,189,0,0.0,189,0.432,C (Obvious Distortion) - obvious perspective illusion or foot sliding,0.6909,0.3349,0.1084,0.3653,1.0,complete,,direct,189,0,0.0,189,0.2539,B (Minor Jitter) - slight geometric jitter,0.3729,0.257,0.0097,0.9916,1.0,complete,,direct,189,0,0.0,189,0.169,B (Minor Jitter) - slight geometric jitter,0.1491,0.2583,0.0301,0.9742,1.0,complete,,direct,189,0,0.0,189,0.2432,B (Minor Jitter) - slight geometric jitter,0.2789,0.3238,0.0106,0.7089,1.0,1072.0284750020364,2.337177156994585,1.3477737560169771,10.7240526220412,10.749017907015514,11603748352,1099.021240748989
COSMOS3,0019.mp4,eafb6c2ab51e1b29aebe2b8bb263226d4bf62079aa1e14827d8563508c74802c,complete,,False,not_selected,,complete,,direct,189,0,0.0,189,0.0692,A (Physical Realism) - physically consistent and tight,0.0181,0.1475,0.0146,0.1118,1.0,complete,,direct,189,0,0.0,189,0.2194,B (Minor Jitter) - slight geometric jitter,0.3179,0.2265,0.0084,0.3676,1.0,complete,,direct,189,0,0.0,189,0.3001,C (Obvious Distortion) - obvious perspective illusion or foot sliding,0.5268,0.2196,0.0075,0.9669,1.0,complete,,direct,189,0,0.0,189,0.2136,B (Minor Jitter) - slight geometric jitter,0.2362,0.2815,0.0324,0.8562,1.0,complete,,direct,189,0,0.0,189,0.2445,B (Minor Jitter) - slight geometric jitter,0.3634,0.2236,0.0484,0.9581,1.0,complete,,direct,189,0,0.0,189,0.1575,B (Minor Jitter) - slight geometric jitter,0.0833,0.2162,0.1886,0.9542,1.0,1124.4440924159717,2.3425773609778844,0.9336399090243503,6.61981729301624,6.6417856339830905,11603748352,1146.3788143850397
COSMOS3,0020.mp4,7fb253cacd35e38e49509dc82fcedd7ba6c7762c5bbb264d1dd393a84f3bfc9c,complete,,False,not_selected,,complete,,direct,189,0,0.0,189,0.0768,A (Physical Realism) - physically consistent and tight,0.0207,0.1618,0.019,0.1441,1.0,complete,,direct,189,0,0.0,189,0.1991,B (Minor Jitter) - slight geometric jitter,0.2769,0.2135,0.0147,0.4061,1.0,complete,,direct,189,0,0.0,189,0.1158,B (Minor Jitter) - slight geometric jitter,0.0717,0.2013,0.0332,0.4841,1.0,complete,,direct,189,0,0.0,189,0.2943,B (Minor Jitter) - slight geometric jitter,0.4725,0.2437,0.0388,0.4298,1.0,complete,,direct,189,0,0.0,189,0.2185,B (Minor Jitter) - slight geometric jitter,0.3055,0.2253,0.0309,0.9256,1.0,complete,,direct,189,0,0.0,189,0.2178,B (Minor Jitter) - slight geometric jitter,0.1977,0.23,0.2336,0.6164,1.0,1036.8414272230002,2.3262000079848804,1.3203543670242652,9.570105598017108,9.59320765605662,11603748352,1062.7566959290416
COSMOS3,0021.mp4,3e14a10f270069664775408ae5442a6899545d7ae6a12ee25f0cd6a74da2c4a6,complete,,False,not_selected,,complete,,direct,189,0,0.0,189,0.0763,A (Physical Realism) - physically consistent and tight,0.0136,0.1699,0.0144,0.0246,1.0,complete,,direct,189,0,0.0,189,0.183,B (Minor Jitter) - slight geometric jitter,0.263,0.1895,0.0102,0.2017,1.0,complete,,direct,189,0,0.0,189,0.4026,C (Obvious Distortion) - obvious perspective illusion or foot sliding,0.7294,0.2721,0.0101,0.342,1.0,complete,,direct,189,0,0.0,189,0.1415,B (Minor Jitter) - slight geometric jitter,0.1545,0.1919,0.0146,0.5482,1.0,complete,,direct,189,0,0.0,189,0.1811,B (Minor Jitter) - slight geometric jitter,0.2262,0.2002,0.053,0.413,1.0,complete,,direct,189,0,0.0,189,0.2196,B (Minor Jitter) - slight geometric jitter,0.2707,0.2062,0.144,0.6628,1.0,1100.3498797320062,2.472466600011103,1.377984233025927,10.712339436053298,10.735542225011159,11603748352,1126.9288363960222
COSMOS3,0022.mp4,b19bfe0597806e2053b8f7b334aada95826922804bdef520d5ae46527994c179,complete,,False,not_selected,,complete,,direct,189,0,0.0,189,0.0614,A (Physical Realism) - physically consistent and tight,0.0157,0.1344,0.0066,0.0801,1.0,complete,,direct,189,0,0.0,189,0.0877,A (Physical Realism) - physically consistent and tight,0.0699,0.1455,0.0075,0.3182,1.0,complete,,direct,189,0,0.0,189,0.337,C (Obvious Distortion) - obvious perspective illusion or foot sliding,0.6328,0.2046,0.0103,0.8023,1.0,complete,,direct,189,0,0.0,189,0.1504,B (Minor Jitter) - slight geometric jitter,0.1428,0.2276,0.0115,0.9121,1.0,complete,,direct,189,0,0.0,189,0.3763,C (Obvious Distortion) - obvious perspective illusion or foot sliding,0.67,0.2434,0.0548,0.7314,1.0,complete,,direct,189,0,0.0,189,0.2129,B (Minor Jitter) - slight geometric jitter,0.2214,0.2685,0.0848,0.0486,1.0,1080.955921417044,2.279434776981361,1.0958583650062792,8.982671779987868,9.002549575990997,11603748352,1106.5469657590147
COSMOS3,0023.mp4,4861f34765614a485756a5a07f6287f898de5b0f77259f00a6169a8e8ac7a92e,complete,,False,not_selected,,complete,,direct,189,0,0.0,189,0.1493,B (Minor Jitter) - slight geometric jitter,0.1858,0.1777,0.0193,0.1431,1.0,complete,,direct,189,0,0.0,189,0.2088,B (Minor Jitter) - slight geometric jitter,0.2984,0.2167,0.014,0.3671,1.0,complete,,direct,189,0,0.0,189,0.2236,B (Minor Jitter) - slight geometric jitter,0.3382,0.2154,0.0106,0.9802,1.0,complete,,direct,189,0,0.0,189,0.2513,B (Minor Jitter) - slight geometric jitter,0.3775,0.2443,0.013,0.8264,1.0,complete,,direct,189,0,0.0,189,0.1392,B (Minor Jitter) - slight geometric jitter,0.1173,0.2192,0.0233,0.6284,1.0,complete,,direct,189,0,0.0,189,0.1773,B (Minor Jitter) - slight geometric jitter,0.1198,0.2928,0.0612,0.548,1.0,1002.5648569839541,2.3886818939936347,1.3292282900074497,9.623083415033761,9.647919009032194,11603748352,1038.1282239800203
COSMOS3,0024.mp4,9dd85a59896005988849d02161a74476102d4ccd59592d57bf6b3df6a54a302f,complete,,False,not_selected,,complete,,direct,189,0,0.0,189,0.1067,B (Minor Jitter) - slight geometric jitter,0.0238,0.2328,0.0202,0.0,1.0,complete,,direct,189,0,0.0,189,0.5337,C (Obvious Distortion) - obvious perspective illusion or foot sliding,1.0141,0.3139,0.0125,0.1143,1.0,complete,,direct,189,0,0.0,189,0.1768,B (Minor Jitter) - slight geometric jitter,0.128,0.2978,0.0325,0.1822,1.0,complete,,direct,189,0,0.0,189,0.3243,C (Obvious Distortion) - obvious perspective illusion or foot sliding,0.5723,0.2278,0.0214,0.8879,1.0,complete,,direct,189,0,0.0,189,0.158,B (Minor Jitter) - slight geometric jitter,0.1771,0.1914,0.053,0.8555,1.0,complete,,direct,189,0,0.0,189,0.4175,C (Obvious Distortion) - obvious perspective illusion or foot sliding,0.3594,0.1843,1.0,0.9546,1.0,1060.5227995020105,2.982742492982652,1.2986789410351776,10.939502655994147,10.98896893800702,11603748352,1088.5532778310007
COSMOS3,0025.mp4,7d9619c10a73e3a3dbb8107bea2b612d515510c1383f3a701f9d2c2553f7f15a,complete,,False,not_selected,,complete,,direct,189,0,0.0,189,0.0901,A (Physical Realism) - physically consistent and tight,0.0273,0.1873,0.0215,0.0499,1.0,complete,,direct,189,0,0.0,189,0.2859,B (Minor Jitter) - slight geometric jitter,0.4505,0.2547,0.0193,0.2377,1.0,complete,,direct,189,0,0.0,189,0.3713,C (Obvious Distortion) - obvious perspective illusion or foot sliding,0.6561,0.2624,0.0196,0.5836,1.0,complete,,direct,189,0,0.0,189,0.2623,B (Minor Jitter) - slight geometric jitter,0.4084,0.2315,0.0316,0.8805,1.0,complete,,direct,189,0,0.0,189,0.1477,B (Minor Jitter) - slight geometric jitter,0.0912,0.2457,0.0645,0.0,1.0,complete,,direct,189,0,0.0,189,0.1612,B (Minor Jitter) - slight geometric jitter,0.122,0.2427,0.0764,0.492,1.0,1128.8043555319891,2.4645376810221933,1.182291729026474,10.190998459991533,10.214407391031273,11603748352,1155.7063044920214
COSMOS3,0026.mp4,8f49038c9d4dcb658cf27ad03c99351ef85e03c7d4eb32523673bdb2b585f63d,complete,,False,not_selected,,complete,,direct,189,0,0.0,189,0.0804,A (Physical Realism) - physically consistent and tight,0.0268,0.1666,0.015,0.0874,1.0,complete,,direct,189,0,0.0,189,0.2178,B (Minor Jitter) - slight geometric jitter,0.2793,0.2609,0.0087,0.2443,1.0,complete,,direct,189,0,0.0,189,0.3992,C (Obvious Distortion) - obvious perspective illusion or foot sliding,0.6877,0.303,0.0144,0.3516,1.0,complete,,direct,189,0,0.0,189,0.2194,B (Minor Jitter) - slight geometric jitter,0.2251,0.3045,0.0378,0.1652,1.0,complete,,direct,189,0,0.0,189,0.2667,B (Minor Jitter) - slight geometric jitter,0.1963,0.2308,0.4797,0.0522,1.0,complete,,direct,189,0,0.0,189,0.2722,B (Minor Jitter) - slight geometric jitter,0.3895,0.2504,0.0809,0.8561,1.0,975.7435075219837,2.4310485220048577,1.2180078100063838,9.68042545299977,9.704054614994675,11603748352,1000.8349599380163
COSMOS3,0027.mp4,f9d0a12ede070d307022e83bc4a8afebff4df9e13c05f28e7f67294e19117c32,complete,,False,not_selected,,complete,,direct,189,0,0.0,189,0.0656,A (Physical Realism) - physically consistent and tight,0.0116,0.1466,0.0116,0.0614,1.0,complete,,direct,189,0,0.0,189,0.2071,B (Minor Jitter) - slight geometric jitter,0.2591,0.2527,0.0121,0.2116,1.0,complete,,direct,189,0,0.0,189,0.4226,C (Obvious Distortion) - obvious perspective illusion or foot sliding,0.7331,0.3201,0.0067,0.6474,1.0,complete,,direct,189,0,0.0,189,0.2065,B (Minor Jitter) - slight geometric jitter,0.2747,0.2379,0.0072,0.9914,1.0,complete,,direct,189,0,0.0,189,0.1205,B (Minor Jitter) - slight geometric jitter,0.0923,0.182,0.0536,0.517,1.0,complete,,direct,189,0,0.0,189,0.1519,B (Minor Jitter) - slight geometric jitter,0.1622,0.1864,0.0623,0.5295,1.0,1048.4702654430293,2.3635603800066747,1.301373518013861,10.710632394999266,10.734000542026479,11603748352,1074.867558804981
COSMOS3,0028.mp4,96e475c8244f5d033510d2d128db6705161d83e0f0d8b5f6bf788bd8fcad546f,complete,,False,not_selected,,complete,,direct,189,0,0.0,189,0.2225,B (Minor Jitter) - slight geometric jitter,0.2716,0.2702,0.029,0.0787,1.0,complete,,direct,189,0,0.0,189,0.2202,B (Minor Jitter) - slight geometric jitter,0.2708,0.2723,0.0148,0.3148,1.0,complete,,direct,189,0,0.0,189,0.252,B (Minor Jitter) - slight geometric jitter,0.2375,0.3831,0.0187,0.4191,1.0,complete,,direct,189,0,0.0,189,0.3406,C (Obvious Distortion) - obvious perspective illusion or foot sliding,0.5372,0.3085,0.0113,0.6719,1.0,complete,,direct,189,0,0.0,189,0.1536,B (Minor Jitter) - slight geometric jitter,0.0611,0.3109,0.024,0.6899,1.0,complete,,direct,189,0,0.0,189,0.2195,B (Minor Jitter) - slight geometric jitter,0.0471,0.2793,0.4445,0.7496,1.0,1152.147402698989,2.3964447189937346,1.4467960110050626,10.720106991007924,10.747354624036234,11603748352,1178.7820635090466
COSMOS3,0029.mp4,815779406d6bfeeef4189b895deead1b53ab22f76b521497c428db1ffd2efc98,complete,,False,not_selected,,complete,,direct,189,0,0.0,189,0.0854,A (Physical Realism) - physically consistent and tight,0.0215,0.1846,0.0151,0.0047,1.0,complete,,direct,189,0,0.0,189,0.2211,B (Minor Jitter) - slight geometric jitter,0.3005,0.2446,0.0154,0.1255,1.0,complete,,direct,189,0,0.0,189,0.1518,B (Minor Jitter) - slight geometric jitter,0.104,0.2624,0.0264,0.2802,1.0,complete,,direct,189,0,0.0,189,0.3078,C (Obvious Distortion) - obvious perspective illusion or foot sliding,0.4802,0.2778,0.0227,0.8163,1.0,complete,,direct,189,0,0.0,189,0.1988,B (Minor Jitter) - slight geometric jitter,0.2306,0.2585,0.0157,0.9897,1.0,complete,,direct,189,0,0.0,189,0.2485,B (Minor Jitter) - slight geometric jitter,0.3555,0.2465,0.0385,0.506,1.0,1027.7463868570048,2.4778780080378056,1.4474598449887708,12.176879181992263,12.206304702034686,11603748352,1064.7120519439923
COSMOS3,0030.mp4,7ab01df93d4414aaa5d0f161188c9fc5d35441654b8eef5c91a433608354cc40,complete,,False,not_selected,,complete,,direct,189,0,0.0,189,0.0826,A (Physical Realism) - physically consistent and tight,0.0168,0.1846,0.0105,0.0974,1.0,complete,,direct,189,0,0.0,189,0.2096,B (Minor Jitter) - slight geometric jitter,0.2228,0.2894,0.0235,0.3285,1.0,complete,,direct,189,0,0.0,189,0.1587,B (Minor Jitter) - slight geometric jitter,0.1022,0.2701,0.0489,0.6067,1.0,complete,,direct,189,0,0.0,189,0.3043,C (Obvious Distortion) - obvious perspective illusion or foot sliding,0.421,0.3359,0.0077,0.1208,1.0,complete,,direct,189,0,0.0,189,0.5005,C (Obvious Distortion) - obvious perspective illusion or foot sliding,0.6871,0.5595,0.0095,0.7945,1.0,complete,,direct,189,0,0.0,189,0.1592,B (Minor Jitter) - slight geometric jitter,0.1352,0.2381,0.0491,0.0893,1.0,1078.96009394899,2.450282067002263,1.2447840640088543,7.627465761965141,7.64992956595961,11603748352,1101.9255408630124
COSMOS3,0031.mp4,e0fbc4e1816ea569c615b55dd82d9c1346ad457317aea59098d37f7b82ef8ea2,complete,,False,not_selected,,complete,,direct,189,0,0.0,189,0.0929,A (Physical Realism) - physically consistent and tight,0.0226,0.201,0.0174,0.0375,1.0,complete,,direct,189,0,0.0,189,0.2125,B (Minor Jitter) - slight geometric jitter,0.1487,0.3777,0.0098,0.2396,1.0,complete,,direct,189,0,0.0,189,0.1418,B (Minor Jitter) - slight geometric jitter,0.046,0.2845,0.0479,0.3873,1.0,complete,,direct,189,0,0.0,189,0.3318,C (Obvious Distortion) - obvious perspective illusion or foot sliding,0.5249,0.2997,0.0101,0.8767,1.0,complete,,direct,189,0,0.0,189,0.1641,B (Minor Jitter) - slight geometric jitter,0.1159,0.2707,0.047,0.5905,1.0,complete,,direct,189,0,0.0,189,0.1717,B (Minor Jitter) - slight geometric jitter,0.1318,0.24,0.115,0.5388,1.0,1176.8192447550246,2.485719059011899,1.0646685829851776,6.814968572987709,6.838450491952244,11603748352,1200.417105193017
COSMOS3,0032.mp4,d67f16a476e763a09dca2612d1209a9dfcae2cd7f0489022d2914741b85c6a7b,complete,,False,not_selected,,complete,,direct,189,0,0.0,189,0.0977,A (Physical Realism) - physically consistent and tight,0.0417,0.1974,0.0103,0.1325,1.0,complete,,direct,189,0,0.0,189,0.1872,B (Minor Jitter) - slight geometric jitter,0.1967,0.2599,0.0227,0.3817,1.0,complete,,direct,189,0,0.0,189,0.1525,B (Minor Jitter) - slight geometric jitter,0.1081,0.259,0.028,0.5328,1.0,complete,,direct,189,0,0.0,189,0.2261,B (Minor Jitter) - slight geometric jitter,0.232,0.3279,0.0109,0.9901,1.0,complete,,direct,189,0,0.0,189,0.2646,B (Minor Jitter) - slight geometric jitter,0.3651,0.2455,0.1017,0.0,1.0,complete,,direct,189,0,0.0,189,0.239,B (Minor Jitter) - slight geometric jitter,0.1528,0.2514,0.3868,0.834,1.0,1003.2007268380257,2.3710567820235156,1.4948115079896525,8.860609044029843,8.884437944041565,11603748352,1028.8878560159937
COSMOS3,0033.mp4,6e50220a34d1af96d5b5f48143bf171f2c33a0e00764ff01c7792409528e08c4,complete,,False,not_selected,,complete,,direct,189,0,0.0,189,0.0854,A (Physical Realism) - physically consistent and tight,0.0227,0.1801,0.0213,0.2536,1.0,complete,,direct,189,0,0.0,189,0.1959,B (Minor Jitter) - slight geometric jitter,0.2617,0.2237,0.0089,0.5389,1.0,complete,,direct,189,0,0.0,189,0.1206,B (Minor Jitter) - slight geometric jitter,0.1077,0.1888,0.0102,0.6105,1.0,complete,,direct,189,0,0.0,189,0.255,B (Minor Jitter) - slight geometric jitter,0.3804,0.2426,0.0288,0.8612,1.0,complete,,direct,189,0,0.0,189,0.1417,B (Minor Jitter) - slight geometric jitter,0.1185,0.2302,0.0111,0.5735,1.0,complete,,direct,189,0,0.0,189,0.2134,B (Minor Jitter) - slight geometric jitter,0.2145,0.2636,0.1106,0.7732,1.0,749.9178181220195,2.333706008968875,1.2318175380351022,8.482620435999706,8.507244972977787,11603748352,774.482274970971
COSMOS3,0034.mp4,074fc30633fbc429f303e1343a83f5a25387d5c176472c7987b983387a3b86f7,complete,,False,not_selected,,complete,,direct,189,0,0.0,189,0.0791,A (Physical Realism) - physically consistent and tight,0.0157,0.175,0.0142,0.1223,1.0,complete,,direct,189,0,0.0,189,0.2309,B (Minor Jitter) - slight geometric jitter,0.3191,0.2504,0.0157,0.4289,1.0,complete,,direct,189,0,0.0,189,0.3995,C (Obvious Distortion) - obvious perspective illusion or foot sliding,0.7699,0.228,0.0017,0.5263,1.0,complete,,direct,189,0,0.0,189,0.2625,B (Minor Jitter) - slight geometric jitter,0.4098,0.2388,0.0153,0.7835,1.0,complete,,direct,189,0,0.0,189,0.1395,B (Minor Jitter) - slight geometric jitter,0.1065,0.227,0.0306,0.9571,1.0,complete,,direct,189,0,0.0,189,0.187,B (Minor Jitter) - slight geometric jitter,0.2019,0.238,0.0553,0.605,1.0,774.0498637499986,2.7621691880049184,1.1114433060283773,5.003330931998789,5.032130642037373,11603748352,796.0498936799704
COSMOS3,0035.mp4,e04d4e2ee440fcdf880dfbdb40e6199682a0c11c12c4671473a306e61fe89c66,complete,,False,not_selected,,complete,,direct,189,0,0.0,189,0.0809,A (Physical Realism) - physically consistent and tight,0.0135,0.1793,0.0188,0.1188,1.0,complete,,direct,189,0,0.0,189,0.2279,B (Minor Jitter) - slight geometric jitter,0.2983,0.2631,0.0166,0.3795,1.0,complete,,direct,189,0,0.0,189,0.1566,B (Minor Jitter) - slight geometric jitter,0.1022,0.2673,0.0437,0.5148,1.0,complete,,direct,189,0,0.0,189,0.2511,B (Minor Jitter) - slight geometric jitter,0.3848,0.2385,0.0089,0.6168,1.0,complete,,direct,189,0,0.0,189,0.1614,B (Minor Jitter) - slight geometric jitter,0.1967,0.1746,0.0642,0.6096,1.0,complete,,direct,189,0,0.0,189,0.1522,B (Minor Jitter) - slight geometric jitter,0.1473,0.2178,0.031,0.6593,1.0,751.1821057240013,2.292628599971067,1.289568019041326,8.373096798022743,8.39509128703503,11603748352,775.389575720008
COSMOS3,0036.mp4,b7cc8639253e29f41cefbd0427672cb7f1af5c49c59ad7d70473fbb505edcef8,complete,,False,not_selected,,complete,,direct,189,0,0.0,189,0.2048,B (Minor Jitter) - slight geometric jitter,0.238,0.2661,0.0157,0.1196,1.0,complete,,direct,189,0,0.0,189,0.185,B (Minor Jitter) - slight geometric jitter,0.2136,0.2431,0.0115,0.3604,1.0,complete,,direct,189,0,0.0,189,0.1525,B (Minor Jitter) - slight geometric jitter,0.11,0.2542,0.0344,0.4603,1.0,complete,,direct,189,0,0.0,189,0.303,C (Obvious Distortion) - obvious perspective illusion or foot sliding,0.428,0.3238,0.0114,0.5213,1.0,complete,,direct,189,0,0.0,189,0.1966,B (Minor Jitter) - slight geometric jitter,0.3169,0.1702,0.0086,0.0,1.0,complete,,direct,189,0,0.0,189,0.1691,B (Minor Jitter) - slight geometric jitter,0.1565,0.2396,0.0532,0.0436,1.0,757.1746571679832,2.229147396981716,0.9778177929692902,15.243599176988937,15.27174074202776,11603748352,789.5512193120085
COSMOS3,0037.mp4,f2bee8af9bcefdd24023463eaf8bfc59a513834a58963db83848b35ce78f03ea,complete,,False,not_selected,,complete,,direct,189,0,0.0,189,0.0864,A (Physical Realism) - physically consistent and tight,0.0395,0.1706,0.0118,0.2071,1.0,complete,,direct,189,0,0.0,189,0.2089,B (Minor Jitter) - slight geometric jitter,0.2696,0.2466,0.0121,0.3218,1.0,complete,,direct,189,0,0.0,189,0.1615,B (Minor Jitter) - slight geometric jitter,0.1104,0.2696,0.0473,0.5101,1.0,complete,,direct,189,0,0.0,189,0.2492,B (Minor Jitter) - slight geometric jitter,0.3299,0.2874,0.0115,1.0,1.0,complete,,direct,189,0,0.0,189,0.251,B (Minor Jitter) - slight geometric jitter,0.3961,0.2072,0.0485,0.712,1.0,complete,,direct,189,0,0.0,189,0.2196,B (Minor Jitter) - slight geometric jitter,0.216,0.2443,0.1775,0.7895,1.0,744.5430016309838,2.292281283007469,1.170152855978813,8.330241864954587,8.353215402923524,11603748352,768.2340082979645
COSMOS3,0038.mp4,14a2414cce62da27a1c49694eefc50fe7d546770dd03430be42397d18b3f0877,complete,,False,not_selected,,complete,,direct,189,0,0.0,189,0.0847,A (Physical Realism) - physically consistent and tight,0.0283,0.1715,0.024,0.1534,1.0,complete,,direct,189,0,0.0,189,0.2194,B (Minor Jitter) - slight geometric jitter,0.2707,0.2691,0.0175,0.3912,1.0,complete,,direct,189,0,0.0,189,0.1318,B (Minor Jitter) - slight geometric jitter,0.0479,0.2701,0.0227,0.5466,1.0,complete,,direct,189,0,0.0,189,0.3715,C (Obvious Distortion) - obvious perspective illusion or foot sliding,0.601,0.3181,0.0194,0.844,1.0,complete,,direct,189,0,0.0,189,0.1986,B (Minor Jitter) - slight geometric jitter,0.1711,0.3159,0.0189,0.9819,1.0,complete,,direct,189,0,0.0,189,0.1866,B (Minor Jitter) - slight geometric jitter,0.103,0.2923,0.1421,0.9364,1.0,751.6566352840164,2.3534724750206806,0.9779771969770081,6.386736080981791,6.410010476014577,11603748352,773.2135906820185
COSMOS3,0039.mp4,39542408b69cd6a743ad8f8f9dceb1d87ed50aadf05c4cb4c826de26da05125d,complete,,False,not_selected,,complete,,direct,189,0,0.0,189,0.0794,A (Physical Realism) - physically consistent and tight,0.0151,0.1739,0.0192,0.0141,1.0,complete,,direct,189,0,0.0,189,0.1804,B (Minor Jitter) - slight geometric jitter,0.2496,0.1949,0.0128,0.1937,1.0,complete,,direct,189,0,0.0,189,0.1163,B (Minor Jitter) - slight geometric jitter,0.0514,0.2291,0.0204,0.3354,1.0,complete,,direct,189,0,0.0,189,0.2827,B (Minor Jitter) - slight geometric jitter,0.4359,0.2622,0.0173,0.9989,1.0,complete,,direct,189,0,0.0,189,0.2114,B (Minor Jitter) - slight geometric jitter,0.2625,0.2467,0.0384,0.5692,1.0,complete,,direct,189,0,0.0,189,0.2194,B (Minor Jitter) - slight geometric jitter,0.2654,0.2466,0.0728,0.1432,1.0,736.4170624740073,2.2654898969922215,1.1161100970348343,8.306474346027244,8.329355727997608,11603748352,761.4056627840037
COSMOS3,0040.mp4,0f2dbf28db016686db2f1deb043c025f2a6fa0507291d516d4a54fbc13f41aa9,complete,,False,not_selected,,complete,,direct,189,0,0.0,189,0.0773,A (Physical Realism) - physically consistent and tight,0.017,0.1698,0.0129,0.0571,1.0,complete,,direct,189,0,0.0,189,0.1961,B (Minor Jitter) - slight geometric jitter,0.2026,0.2798,0.0159,0.2918,1.0,complete,,direct,189,0,0.0,189,0.349,C (Obvious Distortion) - obvious perspective illusion or foot sliding,0.6981,0.17,0.0089,0.38,1.0,complete,,direct,189,0,0.0,189,0.3125,C (Obvious Distortion) - obvious perspective illusion or foot sliding,0.437,0.3357,0.0171,0.305,1.0,complete,,direct,189,0,0.0,189,0.1657,B (Minor Jitter) - slight geometric jitter,0.2086,0.1828,0.0455,0.0,1.0,complete,,direct,189,0,0.0,189,0.2097,B (Minor Jitter) - slight geometric jitter,0.2819,0.2206,0.0434,0.1276,1.0,759.824914591969,2.233834045007825,0.9854719109716825,4.342326557962224,4.364091498951893,11603748352,779.7725795889855
COSMOS3,0041.mp4,aa492bae048d5afae772f37b9a65bfbd24f4f9caba3a8c81e906d2fa8eaf24e8,complete,,False,not_selected,,complete,,direct,189,0,0.0,189,0.0827,A (Physical Realism) - physically consistent and tight,0.0125,0.1884,0.012,0.0764,1.0,complete,,direct,189,0,0.0,189,0.2224,B (Minor Jitter) - slight geometric jitter,0.291,0.2571,0.0156,0.284,1.0,complete,,direct,189,0,0.0,189,0.1237,B (Minor Jitter) - slight geometric jitter,0.0204,0.2816,0.0146,0.3978,1.0,complete,,direct,189,0,0.0,189,0.3173,C (Obvious Distortion) - obvious perspective illusion or foot sliding,0.5084,0.2726,0.0246,0.5475,1.0,complete,,direct,189,0,0.0,189,0.1582,B (Minor Jitter) - slight geometric jitter,0.1042,0.2706,0.0413,0.7742,1.0,complete,,direct,189,0,0.0,189,0.2334,B (Minor Jitter) - slight geometric jitter,0.2981,0.2587,0.0536,0.0,1.0,712.0135995119927,2.212954484974034,1.2208551579969935,8.46306848200038,8.485677083022892,11603748352,735.8168068820378
COSMOS3,0042.mp4,38441fdba89edd946b0fffea329c595900112aace473a46225f6bc4eedbc82eb,complete,,False,not_selected,,complete,,direct,189,0,0.0,189,0.0852,A (Physical Realism) - physically consistent and tight,0.0299,0.1744,0.0176,0.0758,1.0,complete,,direct,189,0,0.0,189,0.204,B (Minor Jitter) - slight geometric jitter,0.2137,0.291,0.0106,0.2029,1.0,complete,,direct,189,0,0.0,189,0.324,C (Obvious Distortion) - obvious perspective illusion or foot sliding,0.4764,0.3148,0.0373,0.3384,1.0,complete,,direct,189,0,0.0,189,0.2197,B (Minor Jitter) - slight geometric jitter,0.2196,0.3167,0.0257,1.0,1.0,complete,,direct,189,0,0.0,189,0.4085,C (Obvious Distortion) - obvious perspective illusion or foot sliding,0.4879,0.2119,0.643,0.6156,1.0,complete,,direct,189,0,0.0,189,0.4606,C (Obvious Distortion) - obvious perspective illusion or foot sliding,0.3646,0.2869,1.0,0.796,1.0,770.1444901089999,2.3044067249866202,1.0712663499871269,6.434618945990223,6.461472978990059,11603748352,791.5117695619701
COSMOS3,0043.mp4,245a3625b8eac84419c896237dad50d3db22fccde2c2be7bea487161205892c4,complete,,False,not_selected,,complete,,direct,189,0,0.0,189,0.0767,A (Physical Realism) - physically consistent and tight,0.0101,0.1745,0.0143,0.1594,1.0,complete,,direct,189,0,0.0,189,0.2383,B (Minor Jitter) - slight geometric jitter,0.2965,0.2914,0.0156,0.3979,1.0,complete,,direct,189,0,0.0,189,0.3954,C (Obvious Distortion) - obvious perspective illusion or foot sliding,0.6889,0.2623,0.0745,0.5895,1.0,complete,,direct,189,0,0.0,189,0.3329,C (Obvious Distortion) - obvious perspective illusion or foot sliding,0.4598,0.3638,0.0175,0.5643,1.0,complete,,direct,189,0,0.0,189,0.1627,B (Minor Jitter) - slight geometric jitter,0.1746,0.2231,0.018,0.4389,1.0,complete,,direct,189,0,0.0,189,0.2028,B (Minor Jitter) - slight geometric jitter,0.2717,0.2017,0.0671,0.6522,1.0,715.6067250290071,2.28976302704541,1.1229448289959691,8.329376627050806,8.351869467063807,11603748352,755.2866187340114
COSMOS3,0044.mp4,bbdd826c75888280352ac124b8fc7b046f0d5bf428cedf0a0c2c3c2b5e7a7c41,complete,,False,not_selected,,complete,,direct,189,0,0.0,189,0.1198,B (Minor Jitter) - slight geometric jitter,0.126,0.1644,0.0185,0.1116,1.0,complete,,direct,189,0,0.0,189,0.2303,B (Minor Jitter) - slight geometric jitter,0.2531,0.3123,0.021,0.3691,1.0,complete,,direct,189,0,0.0,189,0.1445,B (Minor Jitter) - slight geometric jitter,0.0874,0.2567,0.0341,0.4982,1.0,complete,,direct,189,0,0.0,189,0.3575,C (Obvious Distortion) - obvious perspective illusion or foot sliding,0.3424,0.5452,0.0125,0.9452,1.0,complete,,direct,189,0,0.0,189,0.13,B (Minor Jitter) - slight geometric jitter,0.1216,0.1902,0.0266,0.4949,1.0,complete,,direct,189,0,0.0,189,0.1469,B (Minor Jitter) - slight geometric jitter,0.136,0.2178,0.0268,0.6316,1.0,772.5033789150184,2.2308432210120372,0.9608064070343971,6.414916986017488,6.4409926739754155,11603748352,794.2065097169834
COSMOS3,0045.mp4,c23ff21254c65b5b9b177695d2711eac970f57a4e8584a0edcbca6fd84232aef,complete,,False,not_selected,,complete,,direct,189,0,0.0,189,0.0796,A (Physical Realism) - physically consistent and tight,0.0182,0.1775,0.0068,0.0687,1.0,complete,,direct,189,0,0.0,189,0.1765,B (Minor Jitter) - slight geometric jitter,0.1813,0.2548,0.0106,0.252,1.0,failed,only 27/189 frames have valid target depths; need at least 152,unavailable,27,0,0.0,189,,,,,,,,complete,,direct,189,0,0.0,189,0.2582,B (Minor Jitter) - slight geometric jitter,0.3194,0.2992,0.054,0.2127,1.0,complete,,direct,189,0,0.0,189,0.2341,B (Minor Jitter) - slight geometric jitter,0.281,0.2316,0.1453,0.0,1.0,complete,,direct,189,0,0.0,189,0.2435,B (Minor Jitter) - slight geometric jitter,0.3829,0.1933,0.0652,0.0007,1.0,727.4894981989637,2.3819266769569367,1.1162610559840687,8.320764528005384,8.345657308003865,11603748352,750.1928345460328
COSMOS3,0046.mp4,3ce2f6a78393b634754ae2d4e75f9be53fe9f032a70d82956f83a2d4ee76c50a,complete,,False,not_selected,,complete,,direct,189,0,0.0,189,0.1556,B (Minor Jitter) - slight geometric jitter,0.1388,0.2406,0.0193,0.1305,1.0,complete,,direct,189,0,0.0,189,0.2275,B (Minor Jitter) - slight geometric jitter,0.3242,0.2384,0.0124,0.3597,1.0,complete,,direct,189,0,0.0,189,0.2171,B (Minor Jitter) - slight geometric jitter,0.3299,0.2063,0.0131,0.9387,1.0,complete,,direct,189,0,0.0,189,0.2887,B (Minor Jitter) - slight geometric jitter,0.418,0.2943,0.0187,0.9255,1.0,complete,,direct,189,0,0.0,189,0.1528,B (Minor Jitter) - slight geometric jitter,0.1098,0.242,0.0605,0.7219,1.0,complete,,direct,189,0,0.0,189,0.2056,B (Minor Jitter) - slight geometric jitter,0.1864,0.2695,0.1161,0.6321,1.0,772.1982505110209,2.208932682988234,0.9514605990261771,6.399487588030752,6.422917966032401,11603748352,793.5456198739703
COSMOS3,0047.mp4,c4c538dc82f7b1da22b2ed248b24febb99ac2fa54fab3a5220e748dabc248f41,complete,,False,not_selected,,complete,,direct,189,0,0.0,189,0.1125,B (Minor Jitter) - slight geometric jitter,0.0608,0.2146,0.0117,0.1414,1.0,complete,,direct,189,0,0.0,189,0.2144,B (Minor Jitter) - slight geometric jitter,0.295,0.2337,0.0145,0.3789,1.0,complete,,direct,189,0,0.0,189,0.1509,B (Minor Jitter) - slight geometric jitter,0.0353,0.3147,0.0545,0.5282,1.0,complete,,direct,189,0,0.0,189,0.3727,C (Obvious Distortion) - obvious perspective illusion or foot sliding,0.5455,0.3764,0.0195,0.9996,1.0,complete,,direct,189,0,0.0,189,0.1465,B (Minor Jitter) - slight geometric jitter,0.0482,0.2998,0.0367,0.9539,1.0,complete,,direct,189,0,0.0,189,0.3823,C (Obvious Distortion) - obvious perspective illusion or foot sliding,0.4608,0.3393,0.3112,0.6229,1.0,729.0749287429499,2.3974957849713974,1.295119168004021,8.359229670022614,8.382396229018923,11603748352,753.049791139958
COSMOS3,0048.mp4,b700305373388ec81138f0046a18851c0390e94c060c24d9abc6279112eaaf79,complete,,False,not_selected,,complete,,direct,189,0,0.0,189,0.0725,A (Physical Realism) - physically consistent and tight,0.0168,0.1574,0.0143,0.1097,1.0,complete,,direct,189,0,0.0,189,0.1687,B (Minor Jitter) - slight geometric jitter,0.2493,0.166,0.0132,0.3398,1.0,complete,,direct,189,0,0.0,189,0.2659,B (Minor Jitter) - slight geometric jitter,0.4631,0.1977,0.0081,0.6771,1.0,complete,,direct,189,0,0.0,189,0.2627,B (Minor Jitter) - slight geometric jitter,0.4135,0.2299,0.0267,0.941,1.0,complete,,direct,189,0,0.0,189,0.1646,B (Minor Jitter) - slight geometric jitter,0.1203,0.2686,0.0451,0.9645,1.0,complete,,direct,189,0,0.0,189,0.5245,C (Obvious Distortion) - obvious perspective illusion or foot sliding,0.5554,0.2558,1.0,0.6361,1.0,779.9881031779805,2.3430093510542065,1.334040675952565,5.267420960997697,5.293566295003984,11603748352,803.7669067759998
COSMOS3,0049.mp4,0fe554d43e223f6ae44977fc708bea154bbc96ca781f08e4c0086e0e06d8b968,complete,,False,not_selected,,complete,,direct,189,0,0.0,189,0.081,A (Physical Realism) - physically consistent and tight,0.0203,0.178,0.0083,0.0063,1.0,complete,,direct,189,0,0.0,189,0.3065,C (Obvious Distortion) - obvious perspective illusion or foot sliding,0.4447,0.3178,0.0075,0.1758,1.0,complete,,interpolation_fallback,186,3,0.015873015873015872,189,1.0655,F (Geometric Failure) - geometric coherence breaks down,2.3216,0.3334,0.0175,0.3648,0.9841269841269841,complete,,direct,189,0,0.0,189,0.24,B (Minor Jitter) - slight geometric jitter,0.3096,0.2835,0.014,0.4098,1.0,complete,,direct,189,0,0.0,189,0.2961,B (Minor Jitter) - slight geometric jitter,0.4822,0.219,0.0781,0.75,1.0,complete,,direct,189,0,0.0,189,0.3269,C (Obvious Distortion) - obvious perspective illusion or foot sliding,0.2059,0.313,0.5966,0.3996,1.0,726.1056845780113,2.445735538029112,1.1517205730779096,3.811492313980125,3.831847842084244,11603748352,745.3005181410699
COSMOS3,0050.mp4,80f2ed79683ed7e16880682f79b267ddbe1cfaea1049553a379c41c433aecd62,complete,,False,not_selected,,complete,,direct,189,0,0.0,189,0.0894,A (Physical Realism) - physically consistent and tight,0.0158,0.1963,0.0226,0.1704,1.0,complete,,direct,189,0,0.0,189,0.208,B (Minor Jitter) - slight geometric jitter,0.31,0.1903,0.0394,0.4076,1.0,complete,,direct,189,0,0.0,189,0.1088,B (Minor Jitter) - slight geometric jitter,0.0611,0.1933,0.0353,0.5917,1.0,complete,,direct,189,0,0.0,189,0.2844,B (Minor Jitter) - slight geometric jitter,0.4659,0.2382,0.0134,0.6022,1.0,complete,,direct,189,0,0.0,189,0.2261,B (Minor Jitter) - slight geometric jitter,0.3156,0.2373,0.0247,0.6801,1.0,complete,,direct,189,0,0.0,189,0.4222,C (Obvious Distortion) - obvious perspective illusion or foot sliding,0.2523,0.3033,1.0,0.0,1.0,766.4204198630177,2.274764110101387,0.9741888399003074,6.4249901350121945,6.4494186020456254,11603748352,787.7393732339842
COSMOS3,0051.mp4,4a8b425f17a3729b7c698d4a941a7a0573d53c3ae55bef4325f30546c923257b,complete,,False,not_selected,,complete,,direct,189,0,0.0,189,0.0787,A (Physical Realism) - physically consistent and tight,0.0299,0.1622,0.0093,0.0694,1.0,complete,,direct,189,0,0.0,189,0.139,B (Minor Jitter) - slight geometric jitter,0.1376,0.1971,0.0256,0.3264,1.0,complete,,direct,189,0,0.0,189,0.13,B (Minor Jitter) - slight geometric jitter,0.0605,0.2492,0.0306,0.8401,1.0,complete,,direct,189,0,0.0,189,0.3215,C (Obvious Distortion) - obvious perspective illusion or foot sliding,0.5653,0.2317,0.0133,0.7973,1.0,complete,,direct,189,0,0.0,189,0.4017,C (Obvious Distortion) - obvious perspective illusion or foot sliding,0.7178,0.2838,0.0055,0.41,1.0,complete,,direct,189,0,0.0,189,0.44,C (Obvious Distortion) - obvious perspective illusion or foot sliding,0.3595,0.2404,1.0,0.0,1.0,717.6293703749543,2.301875712000765,0.9276553150266409,3.7022839710116386,3.725683899014257,11603748352,736.1356331710704
COSMOS3,0052.mp4,15623e8ab8b513be67faba5d6c50242fcbe555d8c01501fd761d6c412cc81c23,complete,,False,not_selected,,complete,,direct,189,0,0.0,189,0.1676,B (Minor Jitter) - slight geometric jitter,0.1901,0.2157,0.0265,0.1565,1.0,complete,,direct,189,0,0.0,189,0.2481,B (Minor Jitter) - slight geometric jitter,0.414,0.1935,0.0255,0.3659,1.0,complete,,direct,189,0,0.0,189,0.469,C (Obvious Distortion) - obvious perspective illusion or foot sliding,0.9451,0.2199,0.0151,0.4878,1.0,complete,,direct,189,0,0.0,189,0.2773,B (Minor Jitter) - slight geometric jitter,0.467,0.2169,0.0186,0.6096,1.0,complete,,direct,189,0,0.0,189,0.1955,B (Minor Jitter) - slight geometric jitter,0.2515,0.1971,0.0801,0.5708,1.0,complete,,direct,189,0,0.0,189,0.7471,F (Geometric Failure) - geometric coherence breaks down,0.988,0.3797,1.0,0.7291,1.0,755.5066334859002,2.173976792022586,0.9559001090237871,6.454535083961673,6.477401857031509,11603748352,776.8242266089655
COSMOS3,0053.mp4,75d830f391fe5fa7553376b8c7ce3c40db4ce076951c23ca7df353f282dad823,complete,,False,not_selected,,complete,,direct,189,0,0.0,189,0.0934,A (Physical Realism) - physically consistent and tight,0.0208,0.2066,0.0126,0.0106,1.0,complete,,direct,189,0,0.0,189,0.1944,B (Minor Jitter) - slight geometric jitter,0.2468,0.235,0.0084,0.1499,1.0,complete,,interpolation_fallback,175,14,0.07407407407407407,189,1.926,F (Geometric Failure) - geometric coherence breaks down,4.5112,0.2918,0.0238,0.9994,0.9259259259259259,complete,,direct,189,0,0.0,189,0.2322,B (Minor Jitter) - slight geometric jitter,0.2842,0.2825,0.0278,0.947,1.0,complete,,direct,189,0,0.0,189,0.1343,B (Minor Jitter) - slight geometric jitter,0.1229,0.198,0.0295,0.3703,1.0,complete,,direct,189,0,0.0,189,0.2688,B (Minor Jitter) - slight geometric jitter,0.3254,0.222,0.2494,0.4123,1.0,722.2571258340031,2.284702901961282,0.8204862879356369,3.8339534999104217,3.8566207209369168,11603748352,740.6289878999814
COSMOS3,0054.mp4,3d4734673859182907ef6575be895c190a4f6121efe8aff65c5dda55b3e0d7de,complete,,False,not_selected,,complete,,direct,189,0,0.0,189,0.1049,B (Minor Jitter) - slight geometric jitter,0.1021,0.1535,0.0132,0.0948,1.0,complete,,direct,189,0,0.0,189,0.2523,B (Minor Jitter) - slight geometric jitter,0.3896,0.2346,0.0134,0.2704,1.0,complete,,direct,189,0,0.0,189,0.1689,B (Minor Jitter) - slight geometric jitter,0.1328,0.267,0.0446,0.4403,1.0,complete,,direct,189,0,0.0,189,0.1864,B (Minor Jitter) - slight geometric jitter,0.2387,0.2187,0.0172,0.5998,1.0,complete,,direct,189,0,0.0,189,0.1958,B (Minor Jitter) - slight geometric jitter,0.2543,0.208,0.0545,1.0,1.0,complete,,direct,189,0,0.0,189,0.4761,C (Obvious Distortion) - obvious perspective illusion or foot sliding,0.3713,0.3189,1.0,0.6363,1.0,754.4862247570418,2.2709851259132847,0.9570072360802442,6.512308266013861,6.53417817002628,11603748352,775.7594111099606
COSMOS3,0055.mp4,69e32d7653d397abde1b60684d2592a764d2beb346733aef0dd3eba32cde6c17,complete,,False,not_selected,,complete,,direct,189,0,0.0,189,0.157,B (Minor Jitter) - slight geometric jitter,0.1976,0.1873,0.0152,0.1181,1.0,complete,,direct,189,0,0.0,189,0.1927,B (Minor Jitter) - slight geometric jitter,0.2394,0.2376,0.0097,0.378,1.0,complete,,direct,189,0,0.0,189,0.3641,C (Obvious Distortion) - obvious perspective illusion or foot sliding,0.6931,0.2138,0.0067,0.9045,1.0,complete,,direct,189,0,0.0,189,0.2091,B (Minor Jitter) - slight geometric jitter,0.2808,0.2322,0.0197,0.9025,1.0,complete,,direct,189,0,0.0,189,0.1334,B (Minor Jitter) - slight geometric jitter,0.1285,0.1896,0.0307,0.8262,1.0,complete,,direct,189,0,0.0,189,0.4954,C (Obvious Distortion) - obvious perspective illusion or foot sliding,0.4509,0.2877,1.0,0.6442,1.0,726.2346040169941,2.2176424550125375,0.9837600800674409,3.9050576320150867,3.9279025219148025,11603748352,744.9777046568925
COSMOS3,0056.mp4,65114e39bcb043ebaf0277128a95d50753eb419eb9b550b01eec13ed95d71424,complete,,False,not_selected,,complete,,direct,189,0,0.0,189,0.0858,A (Physical Realism) - physically consistent and tight,0.021,0.1893,0.0082,0.0015,1.0,complete,,direct,189,0,0.0,189,0.1541,B (Minor Jitter) - slight geometric jitter,0.1293,0.2521,0.0079,0.0867,1.0,complete,,direct,189,0,0.0,189,0.1344,B (Minor Jitter) - slight geometric jitter,0.0838,0.2355,0.0333,0.1473,1.0,complete,,direct,189,0,0.0,189,0.2076,B (Minor Jitter) - slight geometric jitter,0.2355,0.2744,0.018,0.9968,1.0,complete,,direct,189,0,0.0,189,0.1503,B (Minor Jitter) - slight geometric jitter,0.0754,0.2435,0.1139,0.9905,1.0,complete,,direct,189,0,0.0,189,0.6167,F (Geometric Failure) - geometric coherence breaks down,0.6965,0.3453,1.0,0.2721,1.0,762.1789727070136,2.5760847500059754,1.248396306997165,6.535402993904427,6.559975759824738,11603748352,784.0518897239817
COSMOS3,0057.mp4,dad0fb151c1c70b967fc91d82258fa29093928caca6c32f086fc6abee1e5a54d,complete,,False,not_selected,,complete,,direct,189,0,0.0,189,0.0779,A (Physical Realism) - physically consistent and tight,0.0135,0.1772,0.0081,0.0016,1.0,complete,,direct,189,0,0.0,189,0.3207,C (Obvious Distortion) - obvious perspective illusion or foot sliding,0.6013,0.1936,0.0138,0.2022,1.0,complete,,direct,189,0,0.0,189,0.1396,B (Minor Jitter) - slight geometric jitter,0.0986,0.2369,0.0268,0.4308,1.0,complete,,direct,189,0,0.0,189,0.2248,B (Minor Jitter) - slight geometric jitter,0.3139,0.243,0.0102,0.987,1.0,complete,,direct,189,0,0.0,189,0.4098,C (Obvious Distortion) - obvious perspective illusion or foot sliding,0.591,0.4304,0.0063,0.6321,1.0,complete,,direct,189,0,0.0,189,0.4347,C (Obvious Distortion) - obvious perspective illusion or foot sliding,0.5302,0.2342,0.6446,0.4717,1.0,735.5044315019622,2.364892330020666,1.0139749160734937,5.209682182059623,5.243843574076891,11603748352,755.8556344789686
COSMOS3,0058.mp4,15728da59045da518e6c21159359227f41e7e5fb5d9e0cc19172c9662f02db1f,complete,,False,not_selected,,complete,,direct,189,0,0.0,189,0.0834,A (Physical Realism) - physically consistent and tight,0.0301,0.1718,0.0134,0.0047,1.0,complete,,direct,189,0,0.0,189,0.1952,B (Minor Jitter) - slight geometric jitter,0.2197,0.2627,0.0113,0.1766,1.0,failed,only 34/189 frames have valid target depths; need at least 152,unavailable,34,0,0.0,189,,,,,,,,complete,,direct,189,0,0.0,189,0.2416,B (Minor Jitter) - slight geometric jitter,0.3115,0.2578,0.0691,0.6583,1.0,complete,,direct,189,0,0.0,189,0.1888,B (Minor Jitter) - slight geometric jitter,0.1741,0.2872,0.0214,0.3636,1.0,complete,,direct,189,0,0.0,189,0.2573,B (Minor Jitter) - slight geometric jitter,0.3857,0.2312,0.0527,0.9572,1.0,778.6235406349879,2.2574754379456863,0.9716454190202057,6.3455025180010125,6.367515822988935,11603748352,799.4785423190333
COSMOS3,0059.mp4,5f804d3031eb949eb709ad08eac96289631dfee9737a7f15ef087a40d328540b,complete,,False,not_selected,,complete,,direct,189,0,0.0,189,0.0892,A (Physical Realism) - physically consistent and tight,0.0305,0.1829,0.0194,0.0456,1.0,complete,,direct,189,0,0.0,189,0.2258,B (Minor Jitter) - slight geometric jitter,0.3612,0.1921,0.0223,0.2857,1.0,complete,,direct,189,0,0.0,189,0.1931,B (Minor Jitter) - slight geometric jitter,0.1831,0.2641,0.0713,0.3272,1.0,complete,,direct,189,0,0.0,189,0.2886,B (Minor Jitter) - slight geometric jitter,0.3945,0.3188,0.0166,0.7702,1.0,complete,,direct,189,0,0.0,189,0.1831,B (Minor Jitter) - slight geometric jitter,0.2118,0.228,0.0357,0.7879,1.0,complete,,direct,189,0,0.0,189,0.5696,C (Obvious Distortion) - obvious perspective illusion or foot sliding,0.577,0.3471,1.0,0.5278,1.0,731.577721417998,2.403461675043218,0.8931639520451427,3.8782149890903383,3.901048452127725,11603748352,750.4457300630165
COSMOS3,0060.mp4,6864898f0f534f92950ee0f6ffe4ba538a7809b96f2b1f7959b28444b634699a,complete,,False,not_selected,,complete,,direct,189,0,0.0,189,0.088,A (Physical Realism) - physically consistent and tight,0.0396,0.1758,0.0092,0.0778,1.0,complete,,direct,189,0,0.0,189,0.2054,B (Minor Jitter) - slight geometric jitter,0.2462,0.2582,0.0181,0.3625,1.0,failed,only 99/189 frames have valid target depths; need at least 152,unavailable,99,0,0.0,189,,,,,,,,complete,,direct,189,0,0.0,189,0.2867,B (Minor Jitter) - slight geometric jitter,0.4154,0.2614,0.0803,0.6352,1.0,complete,,direct,189,0,0.0,189,0.1992,B (Minor Jitter) - slight geometric jitter,0.2367,0.2491,0.0243,0.9275,1.0,complete,,direct,189,0,0.0,189,0.186,B (Minor Jitter) - slight geometric jitter,0.1459,0.2116,0.2151,0.9585,1.0,755.9328906630399,2.2081608390435576,0.9275798460002989,6.441730467020534,6.465339113026857,11603748352,776.5897721460788
COSMOS3,0061.mp4,43811ab7a3fec6ecd9640de56c6cf0437eaecf302e611cad21c093239e7b67ed,complete,,False,not_selected,,complete,,direct,189,0,0.0,189,0.1457,B (Minor Jitter) - slight geometric jitter,0.1647,0.1888,0.0215,0.0497,1.0,complete,,direct,189,0,0.0,189,0.224,B (Minor Jitter) - slight geometric jitter,0.3417,0.2118,0.0131,0.2743,1.0,failed,only 80/189 frames have valid target depths; need at least 152,unavailable,80,0,0.0,189,,,,,,,,complete,,direct,189,0,0.0,189,0.3067,C (Obvious Distortion) - obvious perspective illusion or foot sliding,0.4313,0.2744,0.122,0.8248,1.0,complete,,direct,189,0,0.0,189,0.3608,C (Obvious Distortion) - obvious perspective illusion or foot sliding,0.6992,0.1782,0.049,0.9476,1.0,complete,,direct,189,0,0.0,189,0.254,B (Minor Jitter) - slight geometric jitter,0.2786,0.286,0.1409,0.7993,1.0,723.429021385964,2.223644113051705,1.0826078590471298,4.091855388018303,4.116165912011638,11603748352,742.061853463063
COSMOS3,0062.mp4,159a0a82e28442310f6052350b5bc5d9f2dcd6fc1afb6ed1ae8b116adb137681,complete,,False,not_selected,,complete,,direct,189,0,0.0,189,0.1064,B (Minor Jitter) - slight geometric jitter,0.0433,0.2165,0.0124,0.0166,1.0,complete,,direct,189,0,0.0,189,0.1939,B (Minor Jitter) - slight geometric jitter,0.2261,0.2508,0.0157,0.2762,1.0,complete,,direct,189,0,0.0,189,0.3731,C (Obvious Distortion) - obvious perspective illusion or foot sliding,0.5811,0.3286,0.0462,0.4694,1.0,complete,,direct,189,0,0.0,189,0.2763,B (Minor Jitter) - slight geometric jitter,0.3778,0.3044,0.0168,0.5399,1.0,complete,,direct,189,0,0.0,189,0.1596,B (Minor Jitter) - slight geometric jitter,0.1288,0.2273,0.0859,0.509,1.0,complete,,direct,189,0,0.0,189,0.2862,B (Minor Jitter) - slight geometric jitter,0.3885,0.2972,0.0596,0.4439,1.0,760.7261886599008,4.359592725057155,1.1341511020436883,6.94390952703543,6.976741884020157,11603748352,786.366740730009
COSMOS3,0063.mp4,28d2930f257e75cc24be126d5ad15fe70731d4d91422b30ca811bdbfbe1b3f7b,complete,,False,not_selected,,complete,,direct,189,0,0.0,189,0.1056,B (Minor Jitter) - slight geometric jitter,0.0339,0.2247,0.0109,0.1165,1.0,complete,,direct,189,0,0.0,189,0.1833,B (Minor Jitter) - slight geometric jitter,0.2293,0.2237,0.0107,0.3128,1.0,complete,,direct,189,0,0.0,189,0.1842,B (Minor Jitter) - slight geometric jitter,0.1462,0.3023,0.024,0.5903,1.0,complete,,direct,189,0,0.0,189,0.2523,B (Minor Jitter) - slight geometric jitter,0.3811,0.2455,0.0083,0.6448,1.0,complete,,direct,189,0,0.0,189,0.1949,B (Minor Jitter) - slight geometric jitter,0.1239,0.323,0.0806,0.5113,1.0,complete,,direct,189,0,0.0,189,0.1947,B (Minor Jitter) - slight geometric jitter,0.1808,0.2375,0.1368,0.7526,1.0,728.7997739589773,2.228546978905797,1.0936333209974691,4.023388614063151,4.04448977811262,11603748352,747.9494523709873
COSMOS3,0064.mp4,42655edc0e9ee4700011d647ae01a9373d5ba10bbab6a054f19c6a4313fd0885,complete,,False,not_selected,,complete,,direct,189,0,0.0,189,0.0938,A (Physical Realism) - physically consistent and tight,0.0174,0.2112,0.0118,0.0654,1.0,complete,,direct,189,0,0.0,189,0.24,B (Minor Jitter) - slight geometric jitter,0.3723,0.2248,0.006,0.2679,1.0,failed,only 87/189 frames have valid target depths; need at least 152,unavailable,87,0,0.0,189,,,,,,,,complete,,direct,189,0,0.0,189,0.2434,B (Minor Jitter) - slight geometric jitter,0.2646,0.2862,0.1153,0.9693,1.0,complete,,direct,189,0,0.0,189,0.2334,B (Minor Jitter) - slight geometric jitter,0.3476,0.2271,0.0173,0.9525,1.0,complete,,direct,189,0,0.0,189,0.2374,B (Minor Jitter) - slight geometric jitter,0.2659,0.2967,0.0618,0.5536,1.0,754.4595144210616,2.5905566290020943,0.8063022539718077,5.781181591912173,5.804242771002464,11603748352,774.5995906830067
COSMOS3,0065.mp4,a9567439a236474d86de3b482f993f143da354ad40a6a889a73ceca33e93ff49,complete,,False,not_selected,,complete,,direct,189,0,0.0,189,0.1016,B (Minor Jitter) - slight geometric jitter,0.0538,0.1864,0.0275,0.1399,1.0,complete,,direct,189,0,0.0,189,0.2525,B (Minor Jitter) - slight geometric jitter,0.4196,0.2006,0.0222,0.3292,1.0,complete,,direct,189,0,0.0,189,0.1525,B (Minor Jitter) - slight geometric jitter,0.1385,0.2253,0.035,0.4956,1.0,complete,,direct,189,0,0.0,189,0.1752,B (Minor Jitter) - slight geometric jitter,0.2296,0.1941,0.0284,0.5821,1.0,complete,,direct,189,0,0.0,189,0.2031,B (Minor Jitter) - slight geometric jitter,0.3483,0.15,0.0188,0.9878,1.0,complete,,direct,189,0,0.0,189,0.363,C (Obvious Distortion) - obvious perspective illusion or foot sliding,0.1323,0.2752,1.0,0.8127,1.0,712.35630760598,2.278924291022122,0.8602892949711531,3.9631838449276984,3.9886548828799278,11603748352,731.3902755859308
COSMOS3,0066.mp4,c6faafe75b295b8f97d5b74b4f8129f501a358f52219d1be56b850de0ed570ef,complete,,False,not_selected,,complete,,direct,189,0,0.0,189,0.0852,A (Physical Realism) - physically consistent and tight,0.0247,0.1825,0.0115,0.0131,1.0,complete,,direct,189,0,0.0,189,0.2233,B (Minor Jitter) - slight geometric jitter,0.3272,0.2201,0.0219,0.1864,1.0,complete,,direct,189,0,0.0,189,0.9375,F (Geometric Failure) - geometric coherence breaks down,1.9152,0.3918,0.0737,0.9632,1.0,complete,,direct,189,0,0.0,189,0.2001,B (Minor Jitter) - slight geometric jitter,0.2215,0.2551,0.0475,0.9979,1.0,complete,,direct,189,0,0.0,189,0.1623,B (Minor Jitter) - slight geometric jitter,0.0882,0.3021,0.0307,0.9887,1.0,complete,,direct,189,0,0.0,189,0.2788,B (Minor Jitter) - slight geometric jitter,0.2484,0.364,0.1693,0.9947,1.0,761.7131538520334,2.3313734349794686,0.9637439969228581,6.365967393037863,6.388574939104728,11603748352,783.1055938740028
COSMOS3,0067.mp4,dd9d731aecea984bee274a16756c5f6d185131364f8a0db9c5e87b68e74ec00d,complete,,False,not_selected,,complete,,direct,189,0,0.0,189,0.0764,A (Physical Realism) - physically consistent and tight,0.0299,0.1526,0.0167,0.0902,1.0,complete,,direct,189,0,0.0,189,0.2116,B (Minor Jitter) - slight geometric jitter,0.3569,0.1678,0.0085,0.4087,1.0,complete,,interpolation_fallback,178,11,0.0582010582010582,189,1.8324,F (Geometric Failure) - geometric coherence breaks down,4.399,0.1814,0.0015,0.942,0.9417989417989417,complete,,direct,189,0,0.0,189,0.258,B (Minor Jitter) - slight geometric jitter,0.4165,0.2228,0.0112,0.8706,1.0,complete,,direct,189,0,0.0,189,0.1959,B (Minor Jitter) - slight geometric jitter,0.1699,0.2092,0.2211,0.8892,1.0,complete,,direct,189,0,0.0,189,0.2827,B (Minor Jitter) - slight geometric jitter,0.4522,0.2142,0.0805,0.9971,1.0,699.3257495670114,2.449146869010292,1.0499684810638428,4.03454875794705,4.063011947902851,11603748352,719.4190281099873
LVP_ROBOWM,videos/0000.mp4,403cb4581d8fe6b4652cd7255a1c5f22554866bf7aa0f421d942ce94f45e9b60,complete,,True,complete,jobs/LVP_ROBOWM_videos_0000-403cb4581d8f/output/replay/combined_exact-group.mp4,complete,,direct,49,0,0.0,49,0.0524,A (Physical Realism) - physically consistent and tight,0.0148,0.1116,0.0089,0.0125,1.0,complete,,direct,49,0,0.0,49,0.1472,B (Minor Jitter) - slight geometric jitter,0.1451,0.2181,0.0093,0.0278,1.0,failed,only 36/49 frames have valid target depths; need at least 40,unavailable,36,0,0.0,49,,,,,,,,complete,,direct,49,0,0.0,49,0.2693,B (Minor Jitter) - slight geometric jitter,0.4593,0.2073,0.0135,0.9505,1.0,complete,,direct,49,0,0.0,49,0.362,C (Obvious Distortion) - obvious perspective illusion or foot sliding,0.5393,0.3617,0.008,0.5977,1.0,complete,,direct,49,0,0.0,49,0.2026,B (Minor Jitter) - slight geometric jitter,0.2603,0.2436,0.0053,0.2861,1.0,233.38013864308596,1.3309813829837367,1.040891150943935,3.0514485799940303,3.0618894839426503,3063880704,241.73868141300045
LVP_ROBOWM,videos/0001.mp4,dfe4783670568aeec73d299e847432ff0c48fe66ea1f73ad6c5d0b02851fa37f,complete,,True,complete,jobs/LVP_ROBOWM_videos_0001-dfe478367056/output/replay/combined_exact-group.mp4,complete,,direct,49,0,0.0,49,0.1184,B (Minor Jitter) - slight geometric jitter,0.1511,0.1387,0.0126,0.0,1.0,failed,only 36/49 frames have valid target depths; need at least 40,unavailable,36,0,0.0,49,,,,,,,,failed,only 30/49 frames have valid target depths; need at least 40,unavailable,30,0,0.0,49,,,,,,,,complete,,direct,49,0,0.0,49,0.1994,B (Minor Jitter) - slight geometric jitter,0.2881,0.1977,0.0253,0.4164,1.0,complete,,direct,49,0,0.0,49,0.1436,B (Minor Jitter) - slight geometric jitter,0.2066,0.149,0.0068,0.4541,1.0,complete,,direct,49,0,0.0,49,0.2166,B (Minor Jitter) - slight geometric jitter,0.3804,0.1485,0.025,0.9197,1.0,282.79917071398813,1.423166586086154,1.072078391094692,1.8166973720071837,1.8345898339757696,3063880704,302.04915278602857
LVP_ROBOWM,videos/0002.mp4,8dbbe9d57df315d2d63456f5906923426de23cf26ea953ce86ad666db71969aa,complete,,True,complete,jobs/LVP_ROBOWM_videos_0002-8dbbe9d57df3/output/replay/combined_exact-group.mp4,complete,,direct,49,0,0.0,49,0.1171,B (Minor Jitter) - slight geometric jitter,0.1448,0.1438,0.0084,0.1667,1.0,complete,,interpolation_fallback,47,2,0.04081632653061224,49,1.6897,F (Geometric Failure) - geometric coherence breaks down,3.9086,0.3133,0.0048,0.4075,0.9591836734693877,failed,only 34/49 frames have valid target depths; need at least 40,unavailable,34,0,0.0,49,,,,,,,,complete,,direct,49,0,0.0,49,0.2234,B (Minor Jitter) - slight geometric jitter,0.4131,0.1285,0.0336,0.6307,1.0,complete,,direct,49,0,0.0,49,0.1453,B (Minor Jitter) - slight geometric jitter,0.1306,0.2188,0.0279,0.8215,1.0,complete,,direct,49,0,0.0,49,0.2076,B (Minor Jitter) - slight geometric jitter,0.3426,0.1686,0.0154,0.5462,1.0,191.00800683000125,1.4001075869891793,1.2094014670001343,2.77082935301587,2.784489826997742,3063880704,199.5590620590374
LVP_ROBOWM,videos/0003.mp4,87fe1d123b76b69746f1c5ef1d25cd3cdd5cbe1897d4c508bc57211722b7caab,complete,,True,complete,jobs/LVP_ROBOWM_videos_0003-87fe1d123b76/output/replay/combined_exact-group.mp4,complete,,direct,49,0,0.0,49,0.0614,A (Physical Realism) - physically consistent and tight,0.0139,0.1254,0.0282,0.007,1.0,complete,,direct,49,0,0.0,49,0.2007,B (Minor Jitter) - slight geometric jitter,0.3195,0.1792,0.0062,0.0,1.0,complete,,direct,49,0,0.0,49,0.2261,B (Minor Jitter) - slight geometric jitter,0.248,0.2672,0.0998,0.9683,1.0,complete,,direct,49,0,0.0,49,0.1675,B (Minor Jitter) - slight geometric jitter,0.2661,0.1458,0.0139,0.5647,1.0,complete,,interpolation_fallback,45,4,0.08163265306122448,49,2.2409,F (Geometric Failure) - geometric coherence breaks down,5.377,0.2105,0.0295,0.6226,0.9183673469387755,complete,,direct,49,0,0.0,49,0.1388,B (Minor Jitter) - slight geometric jitter,0.1666,0.1651,0.0304,0.0003,1.0,204.53094731108285,3.241319513064809,0.9266260840231553,1.6579904400277883,1.6723467340925708,3063880704,214.4746874179691
LVP_ROBOWM,videos/0004.mp4,f5cdf30a987e84ea2e42bd5eaaf0088aa8fe3ce8f7a105f5e4162c78b4cca7f7,complete,,True,complete,jobs/LVP_ROBOWM_videos_0004-f5cdf30a987e/output/replay/combined_exact-group.mp4,complete,,direct,49,0,0.0,49,0.1151,B (Minor Jitter) - slight geometric jitter,0.0199,0.2641,0.0073,0.0708,1.0,complete,,direct,49,0,0.0,49,0.2091,B (Minor Jitter) - slight geometric jitter,0.1926,0.3248,0.0107,0.262,1.0,failed,only 34/49 frames have valid target depths; need at least 40,unavailable,34,0,0.0,49,,,,,,,,complete,,direct,49,0,0.0,49,0.3477,C (Obvious Distortion) - obvious perspective illusion or foot sliding,0.5682,0.2893,0.0234,0.8725,1.0,complete,,direct,49,0,0.0,49,0.3244,C (Obvious Distortion) - obvious perspective illusion or foot sliding,0.2507,0.5581,0.0045,0.8337,1.0,complete,,direct,49,0,0.0,49,0.2599,B (Minor Jitter) - slight geometric jitter,0.2508,0.3704,0.057,0.0,1.0,187.43604639999103,1.3263422749005258,1.0346947780344635,2.1738490569405258,2.18378869490698,3063880704,195.05043633899186
LVP_ROBOWM,videos/0005.mp4,2745c1be797985d0330048f1006777cf25648de8326e97e50306646a4b1dedab,failed,command failed with status 1; see /root/autodl-tmp/pdi/batches/exact-group-links2-7-balanced-v2/jobs/LVP_ROBOWM_videos_0005-2745c1be7979/sam3.log,True,pending,,,,,,,,,,,,,,,,,,,,,,,,,,,,,,,,,,,,,,,,,,,,,,,,,,,,,,,,,,,,,,,,,,,,,,,,,,,,,,,,,,,,,,,,,,,,
LVP_ROBOWM,videos/0006.mp4,cc62fc365b210540e363bf7a0d4b1e2f065d6701ac5c8a59b7c36a79828d5e37,complete,,True,complete,jobs/LVP_ROBOWM_videos_0006-cc62fc365b21/output/replay/combined_exact-group.mp4,complete,,direct,49,0,0.0,49,0.1642,B (Minor Jitter) - slight geometric jitter,0.2031,0.2012,0.0126,0.0001,1.0,failed,only 22/49 frames have valid target depths; need at least 40,unavailable,22,0,0.0,49,,,,,,,,failed,only 22/49 frames have valid target depths; need at least 40,unavailable,22,0,0.0,49,,,,,,,,complete,,interpolation_fallback,46,3,0.061224489795918366,49,1.9984,F (Geometric Failure) - geometric coherence breaks down,4.625,0.3643,0.0134,0.0,0.9387755102040817,failed,only 34/49 frames have valid target depths; need at least 40,unavailable,34,0,0.0,49,,,,,,,,complete,,interpolation_fallback,42,7,0.14285714285714285,49,2.8589,F (Geometric Failure) - geometric coherence breaks down,6.7025,0.4294,0.0305,0.0591,0.8571428571428571,181.51401029794943,1.418456636951305,1.0169527699472383,1.5474461650010198,1.5606517239939421,3063880704,188.00332377897575
LVP_ROBOWM,videos/0007.mp4,532fafefbbdc6f7fd658995f5a0a2a911ff0c2b49eb3bcffec9f3b563da5505d,failed,command failed with status 1; see /root/autodl-tmp/pdi/batches/exact-group-links2-7-balanced-v2/jobs/LVP_ROBOWM_videos_0007-532fafefbbdc/sam3.log,True,pending,,,,,,,,,,,,,,,,,,,,,,,,,,,,,,,,,,,,,,,,,,,,,,,,,,,,,,,,,,,,,,,,,,,,,,,,,,,,,,,,,,,,,,,,,,,,
LVP_ROBOWM,videos/0008.mp4,52fc1cd456f4b3ce617bf3745940f92dcfe5104ab8c884e0d8a4a309d5ca32b0,complete,,True,complete,jobs/LVP_ROBOWM_videos_0008-52fc1cd456f4/output/replay/combined_exact-group.mp4,complete,,direct,49,0,0.0,49,0.0633,A (Physical Realism) - physically consistent and tight,0.0178,0.1038,0.0732,0.0214,1.0,complete,,direct,49,0,0.0,49,0.1863,B (Minor Jitter) - slight geometric jitter,0.285,0.1738,0.0138,0.9981,1.0,complete,,direct,49,0,0.0,49,0.1384,B (Minor Jitter) - slight geometric jitter,0.1795,0.1616,0.0099,0.9758,1.0,failed,only 34/49 frames have valid target depths; need at least 40,unavailable,34,0,0.0,49,,,,,,,,complete,,interpolation_fallback,45,4,0.08163265306122448,49,2.284,F (Geometric Failure) - geometric coherence breaks down,5.3387,0.366,0.0107,0.0032,0.9183673469387755,complete,,direct,49,0,0.0,49,0.3479,C (Obvious Distortion) - obvious perspective illusion or foot sliding,0.5483,0.3094,0.0242,0.075,1.0,183.42717664397787,1.454373225918971,1.0447567360242829,2.747860596049577,2.761769101023674,3063880704,191.61957786092535
LVP_ROBOWM,videos/0009.mp4,07b8ddfaedf92ac7a84bac27724b7d2f636c55d9ae51d883ee9c075f68388394,complete,,True,complete,jobs/LVP_ROBOWM_videos_0009-07b8ddfaedf9/output/replay/combined_exact-group.mp4,complete,,direct,49,0,0.0,49,0.0721,A (Physical Realism) - physically consistent and tight,0.0136,0.1573,0.019,0.0269,1.0,complete,,direct,49,0,0.0,49,0.136,B (Minor Jitter) - slight geometric jitter,0.1813,0.1531,0.011,0.2177,1.0,complete,,interpolation_fallback,42,7,0.14285714285714285,49,2.5912,F (Geometric Failure) - geometric coherence breaks down,6.1808,0.2881,0.0183,0.2474,0.8571428571428571,complete,,direct,49,0,0.0,49,0.3332,C (Obvious Distortion) - obvious perspective illusion or foot sliding,0.6266,0.201,0.011,0.0,1.0,complete,,direct,49,0,0.0,49,0.2847,B (Minor Jitter) - slight geometric jitter,0.5091,0.1769,0.0515,0.0,1.0,complete,,direct,49,0,0.0,49,0.2793,B (Minor Jitter) - slight geometric jitter,0.2805,0.2423,0.3511,0.6059,1.0,207.94183673500083,1.159598125028424,3.393211391987279,1.7499943040311337,1.7623633299954236,3063880704,217.50207939906977
LVP_ROBOWM,videos/0010.mp4,be0c9cc6fedf56ee9a7942b1888d2bf1830b12748a959646436ba9bae0c4e4d9,complete,,False,not_selected,,complete,,direct,49,0,0.0,49,0.0958,A (Physical Realism) - physically consistent and tight,0.0635,0.1626,0.0266,0.0181,1.0,complete,,direct,49,0,0.0,49,0.2407,B (Minor Jitter) - slight geometric jitter,0.406,0.1811,0.0296,0.0209,1.0,complete,,direct,49,0,0.0,49,0.1031,B (Minor Jitter) - slight geometric jitter,0.0631,0.1646,0.0603,0.0372,1.0,complete,,direct,49,0,0.0,49,0.1583,B (Minor Jitter) - slight geometric jitter,0.216,0.1756,0.0087,0.3398,1.0,complete,,interpolation_fallback,42,7,0.14285714285714285,49,2.9673,F (Geometric Failure) - geometric coherence breaks down,7.1508,0.2237,0.0875,0.0,0.8571428571428571,complete,,direct,49,0,0.0,49,0.4066,C (Obvious Distortion) - obvious perspective illusion or foot sliding,0.4422,0.4833,0.1818,0.7733,1.0,193.0881755220471,1.2984252920141444,1.0870838039554656,2.761182476999238,2.77405535208527,3063880704,201.9333471490536
LVP_ROBOWM,videos/0011.mp4,64c7f5ad3da7934f3f50930edccb02ed2051d8570c429625ef3da42b045186c2,complete,,False,not_selected,,complete,,direct,49,0,0.0,49,0.1428,B (Minor Jitter) - slight geometric jitter,0.0397,0.311,0.0126,0.0681,1.0,complete,,direct,49,0,0.0,49,0.1944,B (Minor Jitter) - slight geometric jitter,0.1927,0.2879,0.0106,0.3372,1.0,failed,only 39/49 frames have valid target depths; need at least 40,unavailable,39,0,0.0,49,,,,,,,,complete,,direct,49,0,0.0,49,0.3012,C (Obvious Distortion) - obvious perspective illusion or foot sliding,0.5722,0.1773,0.0068,0.0,1.0,complete,,interpolation_fallback,43,6,0.12244897959183673,49,2.7362,F (Geometric Failure) - geometric coherence breaks down,6.5769,0.2121,0.1031,0.8284,0.8775510204081632,complete,,direct,49,0,0.0,49,0.2388,B (Minor Jitter) - slight geometric jitter,0.2666,0.2976,0.0656,0.0617,1.0,192.11188392399345,1.1899557169526815,1.0387319480068982,2.3630949220387265,2.378896233974956,3063880704,199.64816837396938
LVP_ROBOWM,videos/0012.mp4,58535d59d7e3fff58f3257ba6e0af01b87c3f47ec2d685bfaaf21448f99d21fb,complete,,False,not_selected,,complete,,direct,49,0,0.0,49,0.0798,A (Physical Realism) - physically consistent and tight,0.0442,0.1481,0.0144,0.0,1.0,complete,,interpolation_fallback,42,7,0.14285714285714285,49,3.0236,F (Geometric Failure) - geometric coherence breaks down,7.1998,0.3413,0.0359,0.0,0.8571428571428571,complete,,interpolation_fallback,41,8,0.16326530612244897,49,3.0846,F (Geometric Failure) - geometric coherence breaks down,7.229,0.4564,0.0522,0.1294,0.8367346938775511,complete,,direct,49,0,0.0,49,0.5284,C (Obvious Distortion) - obvious perspective illusion or foot sliding,1.0448,0.2722,0.008,0.0,1.0,complete,,interpolation_fallback,41,8,0.16326530612244897,49,3.161,F (Geometric Failure) - geometric coherence breaks down,7.5334,0.3633,0.0115,0.0,0.8367346938775511,complete,,direct,49,0,0.0,49,0.322,C (Obvious Distortion) - obvious perspective illusion or foot sliding,0.4236,0.3686,0.0252,0.5503,1.0,191.69105805596337,1.4330739839933813,1.1401308849453926,2.7707576990360394,2.787680557114072,3063880704,200.25818974501453
LVP_ROBOWM,videos/0013.mp4,5a6daa6f65ac4a263390f4c5fb1f87ea73e04647eb98cc0370fa4253b1a3a112,complete,,False,not_selected,,complete,,direct,49,0,0.0,49,0.1375,B (Minor Jitter) - slight geometric jitter,0.1589,0.1745,0.0209,0.082,1.0,complete,,direct,49,0,0.0,49,0.2698,B (Minor Jitter) - slight geometric jitter,0.4531,0.2168,0.0092,0.9999,1.0,failed,only 8/49 frames have valid target depths; need at least 40,unavailable,8,0,0.0,49,,,,,,,,complete,,direct,49,0,0.0,49,0.1821,B (Minor Jitter) - slight geometric jitter,0.2549,0.1947,0.0114,0.7471,1.0,complete,,direct,49,0,0.0,49,0.1777,B (Minor Jitter) - slight geometric jitter,0.1099,0.326,0.0168,0.6926,1.0,complete,,direct,49,0,0.0,49,0.1692,B (Minor Jitter) - slight geometric jitter,0.0974,0.301,0.0493,0.0,1.0,195.93179824296385,1.3547498231055215,0.915003358037211,2.188683041022159,2.2017908539855853,3063880704,203.30612207204103
LVP_ROBOWM,videos/0014.mp4,8762ebbb70710f69ddb8c0d4eaec87cf0fcb88dd090d2a136d1c49ef504d1642,complete,,False,not_selected,,complete,,direct,49,0,0.0,49,0.0842,A (Physical Realism) - physically consistent and tight,0.0302,0.1766,0.0075,0.0,1.0,complete,,direct,49,0,0.0,49,0.1313,B (Minor Jitter) - slight geometric jitter,0.159,0.1631,0.0125,0.04,1.0,failed,only 32/49 frames have valid target depths; need at least 40,unavailable,32,0,0.0,49,,,,,,,,complete,,direct,49,0,0.0,49,0.1371,B (Minor Jitter) - slight geometric jitter,0.1694,0.1618,0.0233,0.0338,1.0,complete,,direct,49,0,0.0,49,0.1615,B (Minor Jitter) - slight geometric jitter,0.2,0.1681,0.0715,0.0122,1.0,complete,,direct,49,0,0.0,49,0.1733,B (Minor Jitter) - slight geometric jitter,0.1525,0.2564,0.0486,0.002,1.0,186.77485376689583,1.3759668678976595,1.002592091099359,2.7119095700327307,2.72413133806549,3063880704,194.99723704101052
LVP_ROBOWM,videos/0015.mp4,c47e55fa351b9c302fba125edf9839efb57dd2985c08070f6ea455f2128ae7b0,complete,,False,not_selected,,complete,,direct,49,0,0.0,49,0.0878,A (Physical Realism) - physically consistent and tight,0.034,0.1689,0.0331,0.0006,1.0,complete,,direct,49,0,0.0,49,0.2424,B (Minor Jitter) - slight geometric jitter,0.4234,0.1676,0.03,0.1001,1.0,failed,only 26/49 frames have valid target depths; need at least 40,unavailable,26,0,0.0,49,,,,,,,,complete,,direct,49,0,0.0,49,0.1868,B (Minor Jitter) - slight geometric jitter,0.3068,0.1505,0.0193,0.3817,1.0,complete,,direct,49,0,0.0,49,0.1054,B (Minor Jitter) - slight geometric jitter,0.1292,0.1185,0.0316,0.0,1.0,complete,,direct,49,0,0.0,49,0.1622,B (Minor Jitter) - slight geometric jitter,0.2474,0.1532,0.0097,0.0,1.0,190.16649490594864,1.1924089279491454,0.9202337990282103,2.2686900249682367,2.2803862949367613,3063880704,197.5258921229979
LVP_ROBOWM,videos/0016.mp4,75701d44f5fcdeeff1953bb858129ddfc78d68f67210e2ba76aefae0fc0c427b,complete,,False,not_selected,,complete,,direct,49,0,0.0,49,0.2919,B (Minor Jitter) - slight geometric jitter,0.3605,0.3656,0.0077,0.0,1.0,complete,,direct,49,0,0.0,49,0.1309,B (Minor Jitter) - slight geometric jitter,0.0493,0.2741,0.0076,0.073,1.0,complete,,direct,49,0,0.0,49,0.1506,B (Minor Jitter) - slight geometric jitter,0.1674,0.2072,0.0036,0.08,1.0,complete,,direct,49,0,0.0,49,0.25,B (Minor Jitter) - slight geometric jitter,0.3587,0.2563,0.0201,0.0,1.0,complete,,direct,49,0,0.0,49,0.1543,B (Minor Jitter) - slight geometric jitter,0.1146,0.2666,0.0089,0.3891,1.0,complete,,direct,49,0,0.0,49,0.1792,B (Minor Jitter) - slight geometric jitter,0.1965,0.2369,0.0295,0.071,1.0,187.3320053690113,1.1879936429904774,0.99098189198412,2.733418924966827,2.745916574029252,3063880704,195.58589590305928
LVP_ROBOWM,videos/0017.mp4,004b804f2bcf6800bbc1644d3dc8a67768cff41cdce0c8401c6ebc10fc36f9e0,complete,,False,not_selected,,complete,,direct,49,0,0.0,49,0.0941,A (Physical Realism) - physically consistent and tight,0.037,0.1825,0.0314,0.0976,1.0,complete,,direct,49,0,0.0,49,0.2788,B (Minor Jitter) - slight geometric jitter,0.5571,0.1251,0.0295,0.2973,1.0,failed,only 37/49 frames have valid target depths; need at least 40,unavailable,37,0,0.0,49,,,,,,,,complete,,direct,49,0,0.0,49,0.1451,B (Minor Jitter) - slight geometric jitter,0.1409,0.2066,0.0304,0.5877,1.0,complete,,direct,49,0,0.0,49,0.1809,B (Minor Jitter) - slight geometric jitter,0.2617,0.1665,0.0479,0.0,1.0,complete,,direct,49,0,0.0,49,0.1729,B (Minor Jitter) - slight geometric jitter,0.2426,0.185,0.0094,0.0,1.0,192.55787559400778,1.3932710549561307,0.9329113060375676,2.392076659016311,2.4044706590939313,3063880704,200.33859474491328
LVP_ROBOWM,videos/0018.mp4,2f1d209d82a2659e38d2425580827fe82baa423a359efacec9da251422181d4e,failed,command failed with status 1; see /root/autodl-tmp/pdi/batches/exact-group-links2-7-balanced-v2/jobs/LVP_ROBOWM_videos_0018-2f1d209d82a2/sam3.log,False,not_selected,,,,,,,,,,,,,,,,,,,,,,,,,,,,,,,,,,,,,,,,,,,,,,,,,,,,,,,,,,,,,,,,,,,,,,,,,,,,,,,,,,,,,,,,,,,,
LVP_ROBOWM,videos/0019.mp4,843af7611be7de90b7ac456a2475c99cb7abeb8c50b5670464d8c926f85115c4,complete,,False,not_selected,,complete,,direct,49,0,0.0,49,0.0981,A (Physical Realism) - physically consistent and tight,0.0261,0.2038,0.0306,0.0202,1.0,complete,,direct,49,0,0.0,49,0.2048,B (Minor Jitter) - slight geometric jitter,0.367,0.1391,0.012,0.0664,1.0,complete,,interpolation_fallback,48,1,0.02040816326530612,49,1.0689,F (Geometric Failure) - geometric coherence breaks down,2.5403,0.1293,0.0051,0.0483,0.9795918367346939,complete,,direct,49,0,0.0,49,0.1945,B (Minor Jitter) - slight geometric jitter,0.2751,0.2067,0.0091,0.0,1.0,complete,,direct,49,0,0.0,49,0.1436,B (Minor Jitter) - slight geometric jitter,0.1904,0.1516,0.0337,0.0,1.0,complete,,direct,49,0,0.0,49,0.2071,B (Minor Jitter) - slight geometric jitter,0.2858,0.1836,0.0966,0.3589,1.0,183.17900950100739,1.39516911492683,1.0004726269980893,2.742678622016683,2.7563882599351928,3063880704,191.54756518395152
LVP_ROBOWM,videos/0020.mp4,90ddc617b51ab7bc8797e161a470b5b3e5741a0ae06e7171a93097ba36394edd,complete,,False,not_selected,,complete,,direct,49,0,0.0,49,0.1308,B (Minor Jitter) - slight geometric jitter,0.158,0.163,0.0118,0.0876,1.0,complete,,direct,49,0,0.0,49,0.238,B (Minor Jitter) - slight geometric jitter,0.2512,0.3412,0.0051,0.0,1.0,complete,,direct,49,0,0.0,49,0.2146,B (Minor Jitter) - slight geometric jitter,0.3463,0.1824,0.0159,0.224,1.0,complete,,direct,49,0,0.0,49,0.0914,A (Physical Realism) - physically consistent and tight,0.085,0.1294,0.0281,0.0132,1.0,complete,,direct,49,0,0.0,49,0.4645,C (Obvious Distortion) - obvious perspective illusion or foot sliding,0.9501,0.1981,0.026,0.4697,1.0,complete,,direct,49,0,0.0,49,0.3782,C (Obvious Distortion) - obvious perspective illusion or foot sliding,0.7337,0.2073,0.0089,0.0439,1.0,189.92599001305643,1.4086335799656808,1.0142417449969798,2.4209119009319693,2.434244894888252,3063880704,198.11013063101564
LVP_ROBOWM,videos/0021.mp4,ea2bb6bd732693f2b4deb61a3d4bf568f9b03ec15bcc8c285b1defbc982f4f1f,complete,,False,not_selected,,complete,,direct,49,0,0.0,49,0.0694,A (Physical Realism) - physically consistent and tight,0.008,0.1594,0.0122,0.0,1.0,complete,,direct,49,0,0.0,49,0.1045,B (Minor Jitter) - slight geometric jitter,0.1197,0.1356,0.0121,0.0719,1.0,failed,only 17/49 frames have valid target depths; need at least 40,unavailable,17,0,0.0,49,,,,,,,,complete,,direct,49,0,0.0,49,0.1678,B (Minor Jitter) - slight geometric jitter,0.2006,0.2134,0.011,0.3692,1.0,complete,,direct,49,0,0.0,49,0.0874,A (Physical Realism) - physically consistent and tight,0.0397,0.1746,0.0086,0.3758,1.0,complete,,direct,49,0,0.0,49,0.1448,B (Minor Jitter) - slight geometric jitter,0.1591,0.1907,0.0242,0.4284,1.0,192.1961056899745,1.1892900560051203,1.0806880979798734,1.5768818000797182,1.58837760402821,3063880704,199.28238812892232
LVP_ROBOWM,videos/0022.mp4,30d056b87507b1ad586cd4c6fec2cb62e05dfbbfe5d1dcc47550598268fd87e3,failed,command failed with status 1; see /root/autodl-tmp/pdi/batches/exact-group-links2-7-balanced-v2/jobs/LVP_ROBOWM_videos_0022-30d056b87507/sam3.log,False,not_selected,,,,,,,,,,,,,,,,,,,,,,,,,,,,,,,,,,,,,,,,,,,,,,,,,,,,,,,,,,,,,,,,,,,,,,,,,,,,,,,,,,,,,,,,,,,,
LVP_ROBOWM,videos/0023.mp4,c5ca960195d5b43249f0c60f5902aab30d0d408b5ebbad589b0a368abbee1cd8,complete,,False,not_selected,,complete,,direct,49,0,0.0,49,0.0796,A (Physical Realism) - physically consistent and tight,0.0246,0.1629,0.0232,0.0028,1.0,complete,,direct,49,0,0.0,49,0.2229,B (Minor Jitter) - slight geometric jitter,0.3708,0.1804,0.0125,0.1133,1.0,complete,,direct,49,0,0.0,49,0.269,B (Minor Jitter) - slight geometric jitter,0.4682,0.2025,0.0037,0.153,1.0,complete,,direct,49,0,0.0,49,0.2302,B (Minor Jitter) - slight geometric jitter,0.3522,0.2129,0.0205,0.3113,1.0,complete,,direct,49,0,0.0,49,0.1382,B (Minor Jitter) - slight geometric jitter,0.1092,0.2063,0.0599,0.5534,1.0,complete,,direct,49,0,0.0,49,0.2281,B (Minor Jitter) - slight geometric jitter,0.2147,0.2854,0.1403,0.0,1.0,194.41907870094292,1.4951308310264722,1.5636371590662748,1.6074587119510397,1.6196809118846431,3063880704,203.07684088801034
LVP_ROBOWM,videos/0024.mp4,d3dd8b9a85a55babcdb95e2edc65a3648df9fd415f23771c03495c823b766a33,complete,,False,not_selected,,complete,,direct,49,0,0.0,49,0.0972,A (Physical Realism) - physically consistent and tight,0.035,0.1869,0.042,0.0016,1.0,complete,,direct,49,0,0.0,49,0.2566,B (Minor Jitter) - slight geometric jitter,0.4022,0.2255,0.0274,0.1616,1.0,complete,,interpolation_fallback,48,1,0.02040816326530612,49,1.3089,F (Geometric Failure) - geometric coherence breaks down,2.7268,0.5044,0.0821,0.3547,0.9795918367346939,complete,,direct,49,0,0.0,49,0.2371,B (Minor Jitter) - slight geometric jitter,0.383,0.2039,0.0118,0.9601,1.0,complete,,direct,49,0,0.0,49,0.1317,B (Minor Jitter) - slight geometric jitter,0.1514,0.1395,0.0768,0.9785,1.0,complete,,direct,49,0,0.0,49,0.1195,B (Minor Jitter) - slight geometric jitter,0.1438,0.1262,0.0577,0.997,1.0,190.7131836420158,1.3668984859250486,0.9175407560542226,1.5054958179825917,1.518203338026069,3063880704,197.79462404095102
LVP_ROBOWM,videos/0025.mp4,8d500bf59dd417b65e2e8d0adb502ecc1313c76855b9b22c87757fba42142d5f,complete,,False,not_selected,,complete,,direct,49,0,0.0,49,0.1049,B (Minor Jitter) - slight geometric jitter,0.0922,0.1615,0.017,0.0036,1.0,complete,,interpolation_fallback,45,4,0.08163265306122448,49,2.2683,F (Geometric Failure) - geometric coherence breaks down,5.3979,0.2658,0.0143,0.4006,0.9183673469387755,failed,only 33/49 frames have valid target depths; need at least 40,unavailable,33,0,0.0,49,,,,,,,,complete,,direct,49,0,0.0,49,0.2651,B (Minor Jitter) - slight geometric jitter,0.3766,0.2762,0.0195,0.0,1.0,complete,,direct,49,0,0.0,49,0.1816,B (Minor Jitter) - slight geometric jitter,0.1329,0.3184,0.0052,0.0,1.0,complete,,direct,49,0,0.0,49,0.1383,B (Minor Jitter) - slight geometric jitter,0.1044,0.2243,0.0341,0.0048,1.0,192.42769211600535,1.199814997962676,0.9989838049514219,2.186889501987025,2.2059413079405203,3063880704,200.04312167095486
LVP_ROBOWM,videos/0026.mp4,99c1c1e4a6885f1ffcf30b400bdff4ec374b5f0ed8121b99fafa35c58c187186,complete,,False,not_selected,,complete,,direct,49,0,0.0,49,0.0747,A (Physical Realism) - physically consistent and tight,0.0207,0.162,0.0083,0.0187,1.0,complete,,direct,49,0,0.0,49,0.1975,B (Minor Jitter) - slight geometric jitter,0.2257,0.262,0.0121,0.0592,1.0,failed,only 19/49 frames have valid target depths; need at least 40,unavailable,19,0,0.0,49,,,,,,,,complete,,direct,49,0,0.0,49,0.1621,B (Minor Jitter) - slight geometric jitter,0.2556,0.1434,0.0123,0.9839,1.0,complete,,direct,49,0,0.0,49,0.0932,A (Physical Realism) - physically consistent and tight,0.0519,0.1454,0.0713,0.1573,1.0,complete,,direct,49,0,0.0,49,0.1346,B (Minor Jitter) - slight geometric jitter,0.0891,0.2079,0.0791,0.0482,1.0,194.7402921189787,1.3489200590411201,1.4332583100767806,1.7975463010370731,1.8084276770241559,3063880704,202.29388183599804
LVP_ROBOWM,videos/0027.mp4,b4d103c53259f72747886f2ae58d9677f8f72a706d2bf667cde8ec8ca411c43e,complete,,False,not_selected,,complete,,direct,49,0,0.0,49,0.1777,B (Minor Jitter) - slight geometric jitter,0.1661,0.2719,0.0124,0.0,1.0,complete,,direct,49,0,0.0,49,0.1145,B (Minor Jitter) - slight geometric jitter,0.0801,0.2016,0.0091,0.0948,1.0,complete,,direct,49,0,0.0,49,0.3317,C (Obvious Distortion) - obvious perspective illusion or foot sliding,0.4567,0.3503,0.0448,0.0034,1.0,complete,,direct,49,0,0.0,49,0.2265,B (Minor Jitter) - slight geometric jitter,0.276,0.2685,0.0437,0.0,1.0,complete,,direct,49,0,0.0,49,0.1709,B (Minor Jitter) - slight geometric jitter,0.204,0.2142,0.0179,0.0,1.0,complete,,direct,49,0,0.0,49,0.1786,B (Minor Jitter) - slight geometric jitter,0.2417,0.1895,0.0307,0.0,1.0,208.83711246494204,1.377246898948215,1.057722739991732,2.119990342995152,2.134754084981978,3063880704,216.83240492397454
LVP_ROBOWM,videos/0028.mp4,c6f395fa4f62a7801c1452c8c4be38d37b069937fa43e6431ddc3c319db49a09,complete,,False,not_selected,,complete,,direct,49,0,0.0,49,0.085,A (Physical Realism) - physically consistent and tight,0.0196,0.1837,0.0181,0.0011,1.0,complete,,direct,49,0,0.0,49,0.1827,B (Minor Jitter) - slight geometric jitter,0.2395,0.2084,0.0179,0.052,1.0,failed,only 12/49 frames have valid target depths; need at least 40,unavailable,12,0,0.0,49,,,,,,,,complete,,direct,49,0,0.0,49,0.2032,B (Minor Jitter) - slight geometric jitter,0.2983,0.2054,0.0088,0.9988,1.0,complete,,direct,49,0,0.0,49,0.1045,B (Minor Jitter) - slight geometric jitter,0.1068,0.1375,0.0338,0.2431,1.0,complete,,direct,49,0,0.0,49,0.2095,B (Minor Jitter) - slight geometric jitter,0.3239,0.1553,0.0892,0.9921,1.0,195.50369280204177,1.2344001380261034,0.8812875029398128,1.8153565779794008,1.8277620719745755,3063880704,202.49377190705854
LVP_ROBOWM,videos/0029.mp4,ca96b72c82b4dd28f0417c7e7c397b0d3fa5fd9e1fe4d9d45c58f5e5abdaffa3,complete,,False,not_selected,,complete,,direct,49,0,0.0,49,0.0994,A (Physical Realism) - physically consistent and tight,0.0296,0.2101,0.0175,0.0756,1.0,complete,,direct,49,0,0.0,49,0.2463,B (Minor Jitter) - slight geometric jitter,0.4001,0.202,0.0271,0.1636,1.0,failed,only 6/49 frames have valid target depths; need at least 40,unavailable,6,0,0.0,49,,,,,,,,complete,,direct,49,0,0.0,49,0.2706,B (Minor Jitter) - slight geometric jitter,0.4697,0.194,0.0254,0.1912,1.0,complete,,direct,49,0,0.0,49,0.1849,B (Minor Jitter) - slight geometric jitter,0.2791,0.1763,0.0139,0.0,1.0,complete,,direct,49,0,0.0,49,0.3695,C (Obvious Distortion) - obvious perspective illusion or foot sliding,0.6712,0.2497,0.0058,0.5201,1.0,198.39674180699512,1.1657463560113683,0.9570275489240885,2.285535690956749,2.298559513874352,3063880704,205.8872154080309
LVP_ROBOWM,videos/0030.mp4,4e026b0cf917276835d89867a5ffe1808e0117f442dac231a8a65155165b227f,complete,,False,not_selected,,complete,,direct,49,0,0.0,49,0.0943,A (Physical Realism) - physically consistent and tight,0.0638,0.1669,0.0102,0.0153,1.0,complete,,interpolation_fallback,46,3,0.061224489795918366,49,2.0294,F (Geometric Failure) - geometric coherence breaks down,4.7274,0.344,0.0045,0.0858,0.9387755102040817,complete,,interpolation_fallback,41,8,0.16326530612244897,49,2.9597,F (Geometric Failure) - geometric coherence breaks down,7.2369,0.1615,0.0014,0.0206,0.8367346938775511,complete,,direct,49,0,0.0,49,0.2261,B (Minor Jitter) - slight geometric jitter,0.3485,0.2096,0.0144,0.0,1.0,complete,,direct,49,0,0.0,49,0.1311,B (Minor Jitter) - slight geometric jitter,0.1246,0.1841,0.0381,0.6441,1.0,complete,,direct,49,0,0.0,49,0.2168,B (Minor Jitter) - slight geometric jitter,0.3396,0.1699,0.0647,0.0092,1.0,194.70723161299247,1.2424729650374502,1.2346226619556546,1.7765553270000964,1.787487733992748,3063880704,202.22972214303445
LVP_ROBOWM,videos/0031.mp4,ed72f4429b7beb11f67b45817ab7e441bcae39eb5df887ae9146df09d605470e,complete,,False,not_selected,,complete,,direct,49,0,0.0,49,0.1567,B (Minor Jitter) - slight geometric jitter,0.1719,0.2095,0.0206,0.095,1.0,complete,,direct,49,0,0.0,49,0.3879,C (Obvious Distortion) - obvious perspective illusion or foot sliding,0.6523,0.279,0.077,0.2378,1.0,complete,,direct,49,0,0.0,49,0.4158,C (Obvious Distortion) - obvious perspective illusion or foot sliding,0.8545,0.1704,0.0295,0.4709,1.0,complete,,direct,49,0,0.0,49,0.2434,B (Minor Jitter) - slight geometric jitter,0.3994,0.1735,0.0708,0.5707,1.0,complete,,direct,49,0,0.0,49,0.1368,B (Minor Jitter) - slight geometric jitter,0.0644,0.2298,0.0958,0.368,1.0,complete,,direct,49,0,0.0,49,0.1878,B (Minor Jitter) - slight geometric jitter,0.1598,0.2731,0.0731,0.4706,1.0,212.64236755401362,1.337755896965973,0.9608192529994994,1.5403287529479712,1.5535774768795818,3063880704,219.66271316690836
LVP_ROBOWM,videos/0032.mp4,31e01e860480ee0d4efabc237c4e156d897fd0c9d5421aa47a0739c1e6273020,complete,,False,not_selected,,complete,,direct,49,0,0.0,49,0.0955,A (Physical Realism) - physically consistent and tight,0.0274,0.2067,0.0095,0.0219,1.0,complete,,direct,49,0,0.0,49,0.1526,B (Minor Jitter) - slight geometric jitter,0.1629,0.2141,0.0091,0.0551,1.0,complete,,interpolation_fallback,45,4,0.08163265306122448,49,2.1808,F (Geometric Failure) - geometric coherence breaks down,5.039,0.4128,0.0006,0.144,0.9183673469387755,complete,,direct,49,0,0.0,49,0.1881,B (Minor Jitter) - slight geometric jitter,0.2715,0.1896,0.0181,0.2148,1.0,complete,,direct,49,0,0.0,49,0.1234,B (Minor Jitter) - slight geometric jitter,0.1266,0.1709,0.0221,0.3118,1.0,complete,,direct,49,0,0.0,49,0.1321,B (Minor Jitter) - slight geometric jitter,0.1785,0.1437,0.0163,0.8676,1.0,184.80076937191188,1.287775599048473,0.817770687979646,1.5341056699398905,1.5461128059541807,3063880704,191.6664831720991
LVP_ROBOWM,videos/0033.mp4,fde2e2bbb20c67d0178ed433326a690cc2da0554efec3be1f0bde8d17f5b9d19,complete,,False,not_selected,,complete,,direct,49,0,0.0,49,0.0623,A (Physical Realism) - physically consistent and tight,0.013,0.1349,0.0158,0.0597,1.0,complete,,direct,49,0,0.0,49,0.1723,B (Minor Jitter) - slight geometric jitter,0.2334,0.1887,0.0174,0.4219,1.0,complete,,direct,49,0,0.0,49,0.1761,B (Minor Jitter) - slight geometric jitter,0.2874,0.1374,0.0309,0.419,1.0,complete,,direct,49,0,0.0,49,0.2276,B (Minor Jitter) - slight geometric jitter,0.4194,0.138,0.0231,0.6139,1.0,complete,,direct,49,0,0.0,49,0.1062,B (Minor Jitter) - slight geometric jitter,0.0819,0.1548,0.0577,0.7119,1.0,complete,,direct,49,0,0.0,49,0.1868,B (Minor Jitter) - slight geometric jitter,0.1563,0.2403,0.1408,0.0,1.0,201.52642617805395,1.343219369999133,1.0729095609858632,2.254303677007556,2.2663649290334433,3063880704,209.36033689393662
LVP_ROBOWM,videos/0034.mp4,bf93ac069fd88c3e0880ef38601c8441e2dbefb13854be61598c4b6abc7cf664,complete,,False,not_selected,,complete,,direct,49,0,0.0,49,0.1809,B (Minor Jitter) - slight geometric jitter,0.1746,0.2574,0.0403,0.0154,1.0,complete,,direct,49,0,0.0,49,0.4211,C (Obvious Distortion) - obvious perspective illusion or foot sliding,0.7571,0.2817,0.028,0.2758,1.0,complete,,interpolation_fallback,47,2,0.04081632653061224,49,1.5654,F (Geometric Failure) - geometric coherence breaks down,3.7726,0.1261,0.0296,0.1094,0.9591836734693877,complete,,direct,49,0,0.0,49,0.1988,B (Minor Jitter) - slight geometric jitter,0.3346,0.1562,0.0126,0.4548,1.0,complete,,direct,49,0,0.0,49,0.139,B (Minor Jitter) - slight geometric jitter,0.1224,0.2007,0.0488,0.761,1.0,complete,,direct,49,0,0.0,49,0.1943,B (Minor Jitter) - slight geometric jitter,0.2904,0.1542,0.0822,0.7362,1.0,188.61921145801898,1.2624613589141518,0.8762998770689592,1.847879471955821,1.8612831899663433,3063880704,195.97466487099882
LVP_ROBOWM,videos/0035.mp4,d24fe73159f99aa47367d77208fe665bb124d0951ff28ab7b9987becba889678,complete,,False,not_selected,,complete,,direct,49,0,0.0,49,0.0665,A (Physical Realism) - physically consistent and tight,0.0155,0.1429,0.0157,0.0062,1.0,complete,,direct,49,0,0.0,49,0.1909,B (Minor Jitter) - slight geometric jitter,0.2313,0.2388,0.0142,0.0768,1.0,complete,,direct,49,0,0.0,49,0.1645,B (Minor Jitter) - slight geometric jitter,0.204,0.2054,0.0037,0.1016,1.0,complete,,direct,49,0,0.0,49,0.265,B (Minor Jitter) - slight geometric jitter,0.3655,0.277,0.0398,0.3712,1.0,complete,,direct,49,0,0.0,49,0.2916,B (Minor Jitter) - slight geometric jitter,0.3657,0.2829,0.1609,0.0,1.0,complete,,direct,49,0,0.0,49,0.1676,B (Minor Jitter) - slight geometric jitter,0.1785,0.2368,0.0075,0.2918,1.0,196.55184869503137,1.3440596309956163,1.0707333559403196,1.8119123600190505,1.825077319983393,3063880704,204.1214251309866
LVP_ROBOWM,videos/0036.mp4,d28363331b5649300d72c6c6109df3eaf459f8a022403cf8d212677349a6c657,complete,,False,not_selected,,complete,,direct,49,0,0.0,49,0.0946,A (Physical Realism) - physically consistent and tight,0.0437,0.1896,0.0065,0.0027,1.0,complete,,interpolation_fallback,45,4,0.08163265306122448,49,2.3257,F (Geometric Failure) - geometric coherence breaks down,5.4553,0.3535,0.0107,0.0884,0.9183673469387755,complete,,interpolation_fallback,44,5,0.10204081632653061,49,2.4384,F (Geometric Failure) - geometric coherence breaks down,5.8132,0.278,0.0095,0.0862,0.8979591836734694,complete,,direct,49,0,0.0,49,0.22,B (Minor Jitter) - slight geometric jitter,0.33,0.2125,0.0148,0.0,1.0,complete,,direct,49,0,0.0,49,0.1393,B (Minor Jitter) - slight geometric jitter,0.1377,0.1919,0.0371,0.5909,1.0,complete,,direct,49,0,0.0,49,0.2017,B (Minor Jitter) - slight geometric jitter,0.3596,0.1402,0.0088,0.662,1.0,187.26920862297993,1.3612149120308459,0.8625044450163841,1.8068770190002397,1.8196214420022443,3063880704,194.50160053104628
LVP_ROBOWM,videos/0037.mp4,1c2374b4560e690a8acbbeac2f54cf2939e79e40af056e973ef5525077143c11,complete,,False,not_selected,,complete,,direct,49,0,0.0,49,0.0908,A (Physical Realism) - physically consistent and tight,0.0278,0.1886,0.021,0.0036,1.0,complete,,direct,49,0,0.0,49,0.1914,B (Minor Jitter) - slight geometric jitter,0.27,0.1998,0.0171,0.1164,1.0,complete,,direct,49,0,0.0,49,0.4691,C (Obvious Distortion) - obvious perspective illusion or foot sliding,0.6742,0.4862,0.0244,0.1879,1.0,complete,,direct,49,0,0.0,49,0.2236,B (Minor Jitter) - slight geometric jitter,0.3381,0.2115,0.0189,0.0,1.0,complete,,direct,49,0,0.0,49,0.1739,B (Minor Jitter) - slight geometric jitter,0.1509,0.2737,0.0202,0.4912,1.0,complete,,direct,49,0,0.0,49,0.245,B (Minor Jitter) - slight geometric jitter,0.3174,0.2724,0.0453,0.6322,1.0,196.72028275800403,1.1774376679677516,1.0061685281107202,2.269445248064585,2.282770799123682,3063880704,204.46454020706005
LVP_ROBOWM,videos/0038.mp4,e65d9390e8234e778f06b6f8cc8a6ceeb623483ad6f18f64718c22595cecf9a5,complete,,False,not_selected,,complete,,direct,49,0,0.0,49,0.0674,A (Physical Realism) - physically consistent and tight,0.0181,0.1428,0.0154,0.0105,1.0,complete,,direct,49,0,0.0,49,0.1922,B (Minor Jitter) - slight geometric jitter,0.2581,0.2179,0.009,0.0576,1.0,complete,,direct,49,0,0.0,49,0.1226,B (Minor Jitter) - slight geometric jitter,0.1142,0.1904,0.0037,0.0482,1.0,complete,,direct,49,0,0.0,49,0.18,B (Minor Jitter) - slight geometric jitter,0.2942,0.15,0.0116,0.0,1.0,complete,,direct,49,0,0.0,49,0.2771,B (Minor Jitter) - slight geometric jitter,0.5483,0.1358,0.0175,0.1528,1.0,complete,,direct,49,0,0.0,49,0.2128,B (Minor Jitter) - slight geometric jitter,0.2689,0.2025,0.1209,0.1777,1.0,193.4680226399796,1.6052566659636796,0.8676653350703418,1.954669913975522,1.9747395520098507,3063880704,201.27198408800177
LVP_ROBOWM,videos/0039.mp4,4155f0327a716420d1460d6e30e81e7aad2d9a07381f365539f2f9c58c055ca5,complete,,False,not_selected,,complete,,direct,49,0,0.0,49,0.0944,A (Physical Realism) - physically consistent and tight,0.0091,0.2184,0.0172,0.0,1.0,complete,,direct,49,0,0.0,49,0.1374,B (Minor Jitter) - slight geometric jitter,0.2009,0.1295,0.026,0.0178,1.0,failed,only 13/49 frames have valid target depths; need at least 40,unavailable,13,0,0.0,49,,,,,,,,complete,,direct,49,0,0.0,49,0.1554,B (Minor Jitter) - slight geometric jitter,0.2276,0.1461,0.0296,0.0554,1.0,complete,,direct,49,0,0.0,49,0.248,B (Minor Jitter) - slight geometric jitter,0.3459,0.2508,0.0469,0.1536,1.0,complete,,direct,49,0,0.0,49,0.1325,B (Minor Jitter) - slight geometric jitter,0.1189,0.1845,0.0559,0.1505,1.0,197.72204589296598,1.1706600219476968,0.7906829679850489,2.2914084939984605,2.3051722060190514,3063880704,204.97660177899525
LVP_ROBOWM,videos/0040.mp4,aa7b7d51a580c72618fc7aa28fa51e5e738952861303496c5e8e6342a211398f,complete,,False,not_selected,,complete,,direct,49,0,0.0,49,0.119,B (Minor Jitter) - slight geometric jitter,0.0742,0.2204,0.0057,0.2245,1.0,complete,,interpolation_fallback,46,3,0.061224489795918366,49,1.9582,F (Geometric Failure) - geometric coherence breaks down,4.6322,0.2601,0.0064,0.0,0.9387755102040817,complete,,interpolation_fallback,46,3,0.061224489795918366,49,1.9465,F (Geometric Failure) - geometric coherence breaks down,4.5644,0.2584,0.0866,0.0,0.9387755102040817,complete,,direct,49,0,0.0,49,0.1936,B (Minor Jitter) - slight geometric jitter,0.3537,0.1206,0.0194,0.0,1.0,complete,,direct,49,0,0.0,49,0.1129,B (Minor Jitter) - slight geometric jitter,0.1365,0.1302,0.0309,0.0,1.0,complete,,direct,49,0,0.0,49,0.1425,B (Minor Jitter) - slight geometric jitter,0.2087,0.1445,0.0063,0.0,1.0,192.325670098071,1.308199614053592,1.0108382230391726,2.056537162978202,2.0689498060382903,3063880704,200.18803439906333
LVP_ROBOWM,videos/0041.mp4,c26168f2af53bd3fc5aeb0433d6f35653f1735bc56de7bbeae6c562e501fbed2,complete,,False,not_selected,,complete,,direct,49,0,0.0,49,0.0706,A (Physical Realism) - physically consistent and tight,0.0186,0.1499,0.0158,0.0,1.0,complete,,direct,49,0,0.0,49,0.1498,B (Minor Jitter) - slight geometric jitter,0.0706,0.2971,0.0133,0.0,1.0,complete,,direct,49,0,0.0,49,0.383,C (Obvious Distortion) - obvious perspective illusion or foot sliding,0.6509,0.2255,0.162,0.0,1.0,complete,,direct,49,0,0.0,49,0.1921,B (Minor Jitter) - slight geometric jitter,0.2522,0.2224,0.0115,0.0,1.0,complete,,direct,49,0,0.0,49,0.1093,B (Minor Jitter) - slight geometric jitter,0.0656,0.1954,0.0246,0.5094,1.0,complete,,direct,49,0,0.0,49,0.1325,B (Minor Jitter) - slight geometric jitter,0.0532,0.273,0.0102,0.0679,1.0,198.91826180100907,1.3671180349774659,0.9430746119469404,2.268058022018522,2.279957524035126,3063880704,206.63584406895097
LVP_ROBOWM,videos/0042.mp4,c7ee8baa300dbf7fe83d025bb419886fda678555b129e85ff62c7f571462642e,complete,,False,not_selected,,complete,,direct,49,0,0.0,49,0.078,A (Physical Realism) - physically consistent and tight,0.0126,0.1785,0.008,0.0824,1.0,complete,,direct,49,0,0.0,49,0.1294,B (Minor Jitter) - slight geometric jitter,0.1266,0.1933,0.0072,0.2991,1.0,complete,,direct,49,0,0.0,49,0.1968,B (Minor Jitter) - slight geometric jitter,0.3184,0.1659,0.0156,0.4328,1.0,complete,,direct,49,0,0.0,49,0.3127,C (Obvious Distortion) - obvious perspective illusion or foot sliding,0.6172,0.1574,0.014,0.0118,1.0,complete,,direct,49,0,0.0,49,0.6265,F (Geometric Failure) - geometric coherence breaks down,1.2817,0.2787,0.012,0.6959,1.0,complete,,interpolation_fallback,40,9,0.1836734693877551,49,3.3044,F (Geometric Failure) - geometric coherence breaks down,7.8509,0.3242,0.1718,0.0659,0.8163265306122449,193.3008143020561,1.181193046970293,0.8691334739560261,1.8299591300310567,1.843385691056028,3063880704,200.39411374705378
LVP_ROBOWM,videos/0043.mp4,72ca0a39531883b9cfb6e7df440cfdce656407c61603609600634ac66fbbe05d,complete,,False,not_selected,,complete,,direct,49,0,0.0,49,0.0947,A (Physical Realism) - physically consistent and tight,0.0746,0.1562,0.0118,0.0348,1.0,complete,,direct,49,0,0.0,49,0.1119,B (Minor Jitter) - slight geometric jitter,0.1245,0.15,0.0106,0.1778,1.0,complete,,direct,49,0,0.0,49,0.4935,C (Obvious Distortion) - obvious perspective illusion or foot sliding,1.0432,0.1524,0.0762,0.1174,1.0,complete,,direct,49,0,0.0,49,0.167,B (Minor Jitter) - slight geometric jitter,0.2395,0.1711,0.0137,0.5649,1.0,complete,,direct,49,0,0.0,49,0.0878,A (Physical Realism) - physically consistent and tight,0.0981,0.116,0.0107,0.3952,1.0,complete,,direct,49,0,0.0,49,0.107,B (Minor Jitter) - slight geometric jitter,0.035,0.2238,0.0173,0.2879,1.0,197.58806220593397,1.1637379790190607,0.8007269660010934,2.3790003049653023,2.38976178097073,3063880704,205.04402361309621
LVP_ROBOWM,videos/0044.mp4,a34f293436ed53b5480d588d919d0849f16b1ce8a067c501eeb6e48b9f15d41e,complete,,False,not_selected,,complete,,direct,49,0,0.0,49,0.0891,A (Physical Realism) - physically consistent and tight,0.0177,0.1995,0.0112,0.0,1.0,complete,,direct,49,0,0.0,49,0.1796,B (Minor Jitter) - slight geometric jitter,0.2913,0.1523,0.0111,0.0654,1.0,complete,,interpolation_fallback,44,5,0.10204081632653061,49,2.5512,F (Geometric Failure) - geometric coherence breaks down,6.1153,0.2565,0.0122,0.0257,0.8979591836734694,complete,,direct,49,0,0.0,49,0.2002,B (Minor Jitter) - slight geometric jitter,0.1514,0.3352,0.0279,0.0721,1.0,complete,,direct,49,0,0.0,49,0.1321,B (Minor Jitter) - slight geometric jitter,0.0403,0.2823,0.0151,0.0184,1.0,complete,,direct,49,0,0.0,49,0.1556,B (Minor Jitter) - slight geometric jitter,0.0994,0.2788,0.0219,0.5358,1.0,198.31759821402375,1.37345313699916,0.873117377050221,1.7917685779975727,1.803809441975318,3063880704,205.58835578802973
LVP_ROBOWM,videos/0045.mp4,3bff6d9a6d3be492a6f0742917b19ba0d1bc766e724103f14e38c93ac1f11366,complete,,False,not_selected,,complete,,direct,49,0,0.0,49,0.1204,B (Minor Jitter) - slight geometric jitter,0.1091,0.1889,0.0059,0.0024,1.0,complete,,direct,49,0,0.0,49,0.2124,B (Minor Jitter) - slight geometric jitter,0.0956,0.433,0.0046,0.0031,1.0,complete,,direct,49,0,0.0,49,0.4518,C (Obvious Distortion) - obvious perspective illusion or foot sliding,0.8066,0.3079,0.03,0.009,1.0,complete,,direct,49,0,0.0,49,0.1977,B (Minor Jitter) - slight geometric jitter,0.2252,0.2624,0.0132,0.0798,1.0,complete,,direct,49,0,0.0,49,0.1923,B (Minor Jitter) - slight geometric jitter,0.1283,0.3421,0.0208,0.018,1.0,complete,,direct,49,0,0.0,49,0.2212,B (Minor Jitter) - slight geometric jitter,0.1876,0.3565,0.0182,0.0591,1.0,201.89609565702267,1.1972357040503994,0.8902198299765587,2.152859622030519,2.161389795015566,3063880704,209.3410895660054
LVP_ROBOWM,videos/0046.mp4,a78c869a3690e958ee6cca966f35ad40cfc5e26982d89644d749ce2b7cdde270,complete,,False,not_selected,,complete,,direct,49,0,0.0,49,0.1332,B (Minor Jitter) - slight geometric jitter,0.1036,0.2193,0.0201,0.1012,1.0,complete,,direct,49,0,0.0,49,0.1984,B (Minor Jitter) - slight geometric jitter,0.2804,0.2073,0.0166,0.8485,1.0,complete,,interpolation_fallback,47,2,0.04081632653061224,49,1.568,F (Geometric Failure) - geometric coherence breaks down,3.6531,0.2271,0.0794,0.4084,0.9591836734693877,complete,,direct,49,0,0.0,49,0.164,B (Minor Jitter) - slight geometric jitter,0.1876,0.2153,0.0142,0.4304,1.0,complete,,direct,49,0,0.0,49,0.1129,B (Minor Jitter) - slight geometric jitter,0.0874,0.1645,0.0607,0.308,1.0,complete,,direct,49,0,0.0,49,0.1503,B (Minor Jitter) - slight geometric jitter,0.1539,0.2094,0.0247,0.2904,1.0,194.05010078998748,1.168269363930449,0.8461258520837873,1.8035214900737628,1.8155139919836074,3063880704,201.0789278789889
LVP_ROBOWM,videos/0047.mp4,9d9276b79cf00f458c23ae231448c092b58faba8807daca985aeb8aabe360922,complete,,False,not_selected,,complete,,direct,49,0,0.0,49,0.1219,B (Minor Jitter) - slight geometric jitter,0.0103,0.2848,0.0191,0.009,1.0,complete,,direct,49,0,0.0,49,0.2203,B (Minor Jitter) - slight geometric jitter,0.2921,0.2532,0.0109,0.052,1.0,complete,,direct,49,0,0.0,49,0.1901,B (Minor Jitter) - slight geometric jitter,0.2518,0.2073,0.0323,0.1759,1.0,complete,,direct,49,0,0.0,49,0.252,B (Minor Jitter) - slight geometric jitter,0.3121,0.3035,0.0289,0.2252,1.0,complete,,direct,49,0,0.0,49,0.2051,B (Minor Jitter) - slight geometric jitter,0.166,0.3171,0.0591,0.0,1.0,complete,,direct,49,0,0.0,49,0.1694,B (Minor Jitter) - slight geometric jitter,0.0618,0.3502,0.0233,0.9999,1.0,191.9664080479415,1.1564656019909307,0.8402535830391571,1.6375426759477705,1.6495654359459877,3063880704,198.85068835888524
LVP_ROBOWM,videos/0048.mp4,25388f365bfa56974bb90e52e93ab8cd9a54ace3f825fb7283b533f3f5f4942d,failed,command failed with status 1; see /root/autodl-tmp/pdi/batches/exact-group-links2-7-balanced-v2/jobs/LVP_ROBOWM_videos_0048-25388f365bfa/sam3.log,False,not_selected,,,,,,,,,,,,,,,,,,,,,,,,,,,,,,,,,,,,,,,,,,,,,,,,,,,,,,,,,,,,,,,,,,,,,,,,,,,,,,,,,,,,,,,,,,,,
LVP_ROBOWM,videos/0049.mp4,66ae52937335f480540a0e094b7bbccd78cc06595a0f95a966a2d82873a5d1b9,complete,,False,not_selected,,complete,,direct,49,0,0.0,49,0.106,B (Minor Jitter) - slight geometric jitter,0.1178,0.1414,0.0117,0.0006,1.0,failed,only 4/49 frames have valid target depths; need at least 40,unavailable,4,0,0.0,49,,,,,,,,failed,only 22/49 frames have valid target depths; need at least 40,unavailable,22,0,0.0,49,,,,,,,,complete,,direct,49,0,0.0,49,0.3693,C (Obvious Distortion) - obvious perspective illusion or foot sliding,0.7727,0.1328,0.0354,0.1011,1.0,complete,,direct,49,0,0.0,49,0.1565,B (Minor Jitter) - slight geometric jitter,0.1454,0.2267,0.038,0.0909,1.0,complete,,direct,49,0,0.0,49,0.253,B (Minor Jitter) - slight geometric jitter,0.3847,0.1829,0.1297,0.2114,1.0,193.74401239398867,1.3515538030769676,0.8220822080038488,1.7845923800487071,1.7986009090673178,3063880704,200.3769529350102
LVP_ROBOWM,videos/0050.mp4,e26529e425373cc8b30bc7c5fb26c5941644d4e6c732e999d2f1f596fef66a84,failed,command failed with status 1; see /root/autodl-tmp/pdi/batches/exact-group-links2-7-balanced-v2/jobs/LVP_ROBOWM_videos_0050-e26529e42537/sam3.log,False,not_selected,,,,,,,,,,,,,,,,,,,,,,,,,,,,,,,,,,,,,,,,,,,,,,,,,,,,,,,,,,,,,,,,,,,,,,,,,,,,,,,,,,,,,,,,,,,,
LVP_ROBOWM,videos/0051.mp4,915821b19156c63520ac4654cd3c298026dbcb732aaaa09618f01f05e4ce322c,complete,,False,not_selected,,complete,,direct,49,0,0.0,49,0.1399,B (Minor Jitter) - slight geometric jitter,0.1675,0.1755,0.0136,0.4777,1.0,complete,,interpolation_fallback,48,1,0.02040816326530612,49,1.2259,F (Geometric Failure) - geometric coherence breaks down,2.7494,0.3106,0.0097,0.7423,0.9795918367346939,complete,,interpolation_fallback,44,5,0.10204081632653061,49,2.4087,F (Geometric Failure) - geometric coherence breaks down,5.8139,0.1765,0.0625,0.7928,0.8979591836734694,complete,,direct,49,0,0.0,49,0.3165,C (Obvious Distortion) - obvious perspective illusion or foot sliding,0.5548,0.2286,0.0155,0.0019,1.0,complete,,direct,49,0,0.0,49,0.2207,B (Minor Jitter) - slight geometric jitter,0.2231,0.3244,0.0084,0.9767,1.0,complete,,direct,49,0,0.0,49,0.2689,B (Minor Jitter) - slight geometric jitter,0.3998,0.2542,0.0367,0.9905,1.0,192.61045096698217,1.3467579879797995,0.8836479700403288,1.7721093179425225,1.7827894039219245,3063880704,199.92728629009798
LVP_ROBOWM,videos/0052.mp4,99481b583a9f05209302e53c13225adcda9644ea515d1884c4f98df0f7b4f2e9,failed,command failed with status 1; see /root/autodl-tmp/pdi/batches/exact-group-links2-7-balanced-v2/jobs/LVP_ROBOWM_videos_0052-99481b583a9f/sam3.log,False,not_selected,,,,,,,,,,,,,,,,,,,,,,,,,,,,,,,,,,,,,,,,,,,,,,,,,,,,,,,,,,,,,,,,,,,,,,,,,,,,,,,,,,,,,,,,,,,,
LVP_ROBOWM,videos/0053.mp4,57261219b6552329b64786e128b1c70769de375d66436fa301ae3a1a28d096d0,complete,,False,not_selected,,complete,,direct,49,0,0.0,49,0.0785,A (Physical Realism) - physically consistent and tight,0.0409,0.148,0.0149,0.0156,1.0,complete,,interpolation_fallback,44,5,0.10204081632653061,49,2.5634,F (Geometric Failure) - geometric coherence breaks down,5.9824,0.3282,0.1957,0.137,0.8979591836734694,failed,only 8/49 frames have valid target depths; need at least 40,unavailable,8,0,0.0,49,,,,,,,,complete,,direct,49,0,0.0,49,0.3366,C (Obvious Distortion) - obvious perspective illusion or foot sliding,0.6885,0.1352,0.0354,0.3272,1.0,complete,,direct,49,0,0.0,49,0.116,B (Minor Jitter) - slight geometric jitter,0.0928,0.1458,0.103,0.1018,1.0,complete,,direct,49,0,0.0,49,0.1889,B (Minor Jitter) - slight geometric jitter,0.2032,0.1956,0.1469,0.2125,1.0,198.16223944397643,1.3781984170200303,1.012999780010432,4.2988780830055475,4.315066591021605,3063880704,208.02482697495725
LVP_ROBOWM,videos/0054.mp4,814b8c47f033934c37d8b8850e36e780415dc5d377245987de5727070ef8ff62,complete,,False,not_selected,,complete,,direct,49,0,0.0,49,0.074,A (Physical Realism) - physically consistent and tight,0.0373,0.1406,0.0145,0.001,1.0,complete,,direct,49,0,0.0,49,0.1798,B (Minor Jitter) - slight geometric jitter,0.2727,0.1682,0.017,0.1135,1.0,complete,,direct,49,0,0.0,49,0.1323,B (Minor Jitter) - slight geometric jitter,0.1652,0.1631,0.0047,0.1016,1.0,complete,,direct,49,0,0.0,49,0.3079,C (Obvious Distortion) - obvious perspective illusion or foot sliding,0.6433,0.1202,0.0128,0.5666,1.0,complete,,direct,49,0,0.0,49,0.2137,B (Minor Jitter) - slight geometric jitter,0.3498,0.159,0.0512,0.0,1.0,complete,,direct,49,0,0.0,49,0.2136,B (Minor Jitter) - slight geometric jitter,0.2621,0.2573,0.0291,0.2831,1.0,197.3624081290327,1.4090249489527196,0.8883030139841139,1.6111246079672128,1.623978297924623,3063880704,204.48474834102672
LVP_ROBOWM,videos/0055.mp4,f6a58d67d7553c4d7699af447128b5d8fa90de812a4e6c02360c157e820d9cde,complete,,False,not_selected,,complete,,direct,49,0,0.0,49,0.1199,B (Minor Jitter) - slight geometric jitter,0.0647,0.2294,0.0112,0.0209,1.0,failed,only 34/49 frames have valid target depths; need at least 40,unavailable,34,0,0.0,49,,,,,,,,failed,only 22/49 frames have valid target depths; need at least 40,unavailable,22,0,0.0,49,,,,,,,,complete,,direct,49,0,0.0,49,0.2928,B (Minor Jitter) - slight geometric jitter,0.5416,0.1769,0.027,0.0014,1.0,complete,,direct,49,0,0.0,49,0.1176,B (Minor Jitter) - slight geometric jitter,0.0825,0.1382,0.1465,0.4102,1.0,complete,,direct,49,0,0.0,49,0.1627,B (Minor Jitter) - slight geometric jitter,0.2001,0.1929,0.0275,0.3161,1.0,200.3929790420225,1.3521674779476598,0.8868342210771516,1.8119750729529187,1.8246212010271847,3063880704,207.12330975104123
LVP_ROBOWM,videos/0056.mp4,8e7bcdcdacd48a8258a7e7c58b27de2f99f18a5d5d74753a39ce205677509c19,failed,command failed with status 1; see /root/autodl-tmp/pdi/batches/exact-group-links2-7-balanced-v2/jobs/LVP_ROBOWM_videos_0056-8e7bcdcdacd4/sam3.log,False,not_selected,,,,,,,,,,,,,,,,,,,,,,,,,,,,,,,,,,,,,,,,,,,,,,,,,,,,,,,,,,,,,,,,,,,,,,,,,,,,,,,,,,,,,,,,,,,,
LVP_ROBOWM,videos/0057.mp4,1762b32092988b6fda11abfb7e891c050b9f179caa14a3396adad7315fe8486b,complete,,False,not_selected,,complete,,direct,49,0,0.0,49,0.1098,B (Minor Jitter) - slight geometric jitter,0.0729,0.1962,0.0107,0.1336,1.0,complete,,direct,49,0,0.0,49,0.2335,B (Minor Jitter) - slight geometric jitter,0.3252,0.2539,0.009,0.3327,1.0,complete,,direct,49,0,0.0,49,0.3061,C (Obvious Distortion) - obvious perspective illusion or foot sliding,0.5714,0.186,0.0159,0.3046,1.0,complete,,direct,49,0,0.0,49,0.3767,C (Obvious Distortion) - obvious perspective illusion or foot sliding,0.6223,0.3135,0.0119,0.0111,1.0,complete,,direct,49,0,0.0,49,0.2112,B (Minor Jitter) - slight geometric jitter,0.3011,0.2238,0.0064,0.0119,1.0,complete,,direct,49,0,0.0,49,0.4803,C (Obvious Distortion) - obvious perspective illusion or foot sliding,0.9462,0.2375,0.0341,0.8571,1.0,208.68169236101676,1.4196859650546685,1.0262115540681407,1.7703315460821614,1.790243327151984,3063880704,216.18216468708124
LVP_ROBOWM,videos/0058.mp4,8d228ad810acf81d96c2b6f5272c4162b258873c94fd07130bf9a0f550c00430,complete,,False,not_selected,,complete,,direct,49,0,0.0,49,0.069,A (Physical Realism) - physically consistent and tight,0.0337,0.132,0.0135,0.0802,1.0,complete,,direct,49,0,0.0,49,0.1413,B (Minor Jitter) - slight geometric jitter,0.1454,0.1965,0.0226,0.8623,1.0,failed,only 23/49 frames have valid target depths; need at least 40,unavailable,23,0,0.0,49,,,,,,,,complete,,direct,49,0,0.0,49,0.1318,B (Minor Jitter) - slight geometric jitter,0.1629,0.1616,0.01,0.3639,1.0,complete,,direct,49,0,0.0,49,0.1124,B (Minor Jitter) - slight geometric jitter,0.0506,0.2148,0.0314,0.3384,1.0,complete,,direct,49,0,0.0,49,0.1693,B (Minor Jitter) - slight geometric jitter,0.1742,0.2268,0.0445,0.4158,1.0,197.82065424101893,1.1861631650244817,0.858362948987633,1.792430741013959,1.8043268910842016,3063880704,204.57884736801498
LVP_ROBOWM,videos/0059.mp4,01bf696893247c32e34efd730ba8fc1e7f69eb679377167c1a4b8aa88cb8434f,complete,,False,not_selected,,complete,,direct,49,0,0.0,49,0.098,A (Physical Realism) - physically consistent and tight,0.014,0.2173,0.0276,0.0053,1.0,complete,,direct,49,0,0.0,49,0.2397,B (Minor Jitter) - slight geometric jitter,0.3022,0.2859,0.0225,0.4508,1.0,complete,,direct,49,0,0.0,49,0.1858,B (Minor Jitter) - slight geometric jitter,0.1625,0.2474,0.1093,0.1641,1.0,complete,,direct,49,0,0.0,49,0.1857,B (Minor Jitter) - slight geometric jitter,0.2481,0.2109,0.0103,0.3769,1.0,complete,,direct,49,0,0.0,49,0.201,B (Minor Jitter) - slight geometric jitter,0.2544,0.2019,0.0926,0.1574,1.0,complete,,direct,49,0,0.0,49,0.1457,B (Minor Jitter) - slight geometric jitter,0.1236,0.2278,0.0256,0.0,1.0,194.76924818009138,1.3492065269965678,0.9371319980127737,2.164611731073819,2.1781653680372983,3063880704,202.5071957219625
LVP_ROBOWM,videos/0060.mp4,814a47584e095768508a28bb046be988e65ce03eb98aaf7835d5bd581d57a6c2,complete,,False,not_selected,,complete,,direct,49,0,0.0,49,0.1593,B (Minor Jitter) - slight geometric jitter,0.1722,0.2204,0.0114,0.0287,1.0,failed,only 26/49 frames have valid target depths; need at least 40,unavailable,26,0,0.0,49,,,,,,,,failed,only 12/49 frames have valid target depths; need at least 40,unavailable,12,0,0.0,49,,,,,,,,complete,,direct,49,0,0.0,49,0.1883,B (Minor Jitter) - slight geometric jitter,0.3034,0.1614,0.0118,0.2058,1.0,complete,,direct,49,0,0.0,49,0.1095,B (Minor Jitter) - slight geometric jitter,0.0975,0.1308,0.0908,0.0064,1.0,complete,,direct,49,0,0.0,49,0.1722,B (Minor Jitter) - slight geometric jitter,0.1957,0.2165,0.0367,0.0085,1.0,203.51292504405137,1.424994101980701,1.30067557701841,1.944373867008835,1.9572385749779642,3063880704,210.8408121940447
LVP_ROBOWM,videos/0061.mp4,97cb861caec256ffcd91a4a06d2b9713ee3424c0c3fe5cab7bfc82b857b5b11e,complete,,False,not_selected,,complete,,direct,49,0,0.0,49,0.0988,A (Physical Realism) - physically consistent and tight,0.0181,0.2116,0.0348,0.0016,1.0,complete,,direct,49,0,0.0,49,0.2621,B (Minor Jitter) - slight geometric jitter,0.358,0.2897,0.0152,0.0603,1.0,complete,,direct,49,0,0.0,49,0.3388,C (Obvious Distortion) - obvious perspective illusion or foot sliding,0.624,0.2049,0.0364,0.0,1.0,complete,,direct,49,0,0.0,49,0.1736,B (Minor Jitter) - slight geometric jitter,0.1334,0.2482,0.1049,0.2321,1.0,complete,,direct,49,0,0.0,49,0.1116,B (Minor Jitter) - slight geometric jitter,0.0938,0.1746,0.0211,0.0,1.0,complete,,direct,49,0,0.0,49,0.2063,B (Minor Jitter) - slight geometric jitter,0.2747,0.2016,0.0787,0.8793,1.0,202.2790136890253,1.4069573909509927,0.8606806360185146,1.8222322860965505,1.8345775731140748,3063880704,209.6953968469752
LVP_ROBOWM,videos/0062.mp4,dc6ba4061be80a4fb3f878d6f14d4e276e7fde71f5d8ddb0839c341c05b5d1cc,failed,command failed with status 1; see /root/autodl-tmp/pdi/batches/exact-group-links2-7-balanced-v2/jobs/LVP_ROBOWM_videos_0062-dc6ba4061be8/sam3.log,False,not_selected,,,,,,,,,,,,,,,,,,,,,,,,,,,,,,,,,,,,,,,,,,,,,,,,,,,,,,,,,,,,,,,,,,,,,,,,,,,,,,,,,,,,,,,,,,,,
LVP_ROBOWM,videos/0063.mp4,57da9ce1011c68d8bc2c2fd64da7c9085ff0da58757667e6ab82f0d369e71710,complete,,False,not_selected,,complete,,direct,49,0,0.0,49,0.0851,A (Physical Realism) - physically consistent and tight,0.0291,0.1766,0.0141,0.0301,1.0,complete,,direct,49,0,0.0,49,0.2936,B (Minor Jitter) - slight geometric jitter,0.2453,0.4838,0.0097,0.1864,1.0,failed,only 11/49 frames have valid target depths; need at least 40,unavailable,11,0,0.0,49,,,,,,,,complete,,direct,49,0,0.0,49,0.2393,B (Minor Jitter) - slight geometric jitter,0.339,0.251,0.0167,0.7415,1.0,complete,,direct,49,0,0.0,49,0.1237,B (Minor Jitter) - slight geometric jitter,0.1513,0.1453,0.0254,0.7911,1.0,complete,,direct,49,0,0.0,49,0.2925,B (Minor Jitter) - slight geometric jitter,0.4504,0.2601,0.0415,0.674,1.0,199.2975166379474,1.369725193013437,1.0820445789722726,4.0221257550874725,4.1184053680626675,3063880704,209.01877786102705
LVP_ROBOWM,videos/0064.mp4,4e335266659049fcbac7fbea30f9d3ca247664d9919934daa8507bb30fc02908,complete,,False,not_selected,,complete,,direct,49,0,0.0,49,0.1572,B (Minor Jitter) - slight geometric jitter,0.1365,0.2451,0.0231,0.0545,1.0,complete,,direct,49,0,0.0,49,0.1411,B (Minor Jitter) - slight geometric jitter,0.1543,0.1978,0.0015,0.9848,1.0,failed,only 31/49 frames have valid target depths; need at least 40,unavailable,31,0,0.0,49,,,,,,,,complete,,direct,49,0,0.0,49,0.2811,B (Minor Jitter) - slight geometric jitter,0.3696,0.2952,0.0756,0.0,1.0,complete,,direct,49,0,0.0,49,0.2877,B (Minor Jitter) - slight geometric jitter,0.4396,0.2721,0.0152,0.0,1.0,complete,,direct,49,0,0.0,49,0.2122,B (Minor Jitter) - slight geometric jitter,0.133,0.3931,0.0085,0.0,1.0,202.62999496003613,1.3589159679831937,0.8440270830178633,1.6310649029910564,1.6445418799994513,3063880704,209.4347244630335
LVP_ROBOWM,videos/0065.mp4,ed842dbf85de2971574b4cba1813ba8c0675794112b3ae8355486fd7ec718bc8,complete,,False,not_selected,,complete,,direct,49,0,0.0,49,0.2024,B (Minor Jitter) - slight geometric jitter,0.2213,0.2831,0.0029,0.0578,1.0,complete,,direct,49,0,0.0,49,0.3714,C (Obvious Distortion) - obvious perspective illusion or foot sliding,0.4637,0.4491,0.0315,0.0,1.0,complete,,direct,49,0,0.0,49,0.3167,C (Obvious Distortion) - obvious perspective illusion or foot sliding,0.5212,0.2505,0.0402,0.0,1.0,complete,,direct,49,0,0.0,49,0.1543,B (Minor Jitter) - slight geometric jitter,0.1536,0.2199,0.0243,0.8087,1.0,complete,,direct,49,0,0.0,49,0.1743,B (Minor Jitter) - slight geometric jitter,0.2421,0.1695,0.0482,0.0,1.0,complete,,direct,49,0,0.0,49,0.2677,B (Minor Jitter) - slight geometric jitter,0.3541,0.2848,0.061,0.0742,1.0,197.29628871101886,1.9143907090183347,0.8138429190730676,3.7653739920351654,3.779452295973897,3063880704,207.16924790793564
LVP_ROBOWM,videos/0066.mp4,bc77e9a7971a3ede7ede93c7022945f653a914f9966a6c4cec81d8f7779a68f7,complete,,False,not_selected,,complete,,direct,49,0,0.0,49,0.104,B (Minor Jitter) - slight geometric jitter,0.0841,0.1616,0.0287,0.0161,1.0,complete,,direct,49,0,0.0,49,0.2628,B (Minor Jitter) - slight geometric jitter,0.4187,0.2202,0.0362,0.095,1.0,failed,only 28/49 frames have valid target depths; need at least 40,unavailable,28,0,0.0,49,,,,,,,,complete,,direct,49,0,0.0,49,0.2217,B (Minor Jitter) - slight geometric jitter,0.3613,0.1788,0.0281,0.4049,1.0,complete,,direct,49,0,0.0,49,0.1264,B (Minor Jitter) - slight geometric jitter,0.0666,0.2217,0.0552,0.9366,1.0,complete,,direct,49,0,0.0,49,0.1834,B (Minor Jitter) - slight geometric jitter,0.2131,0.2202,0.0506,0.0,1.0,202.1076200370444,1.385547279031016,1.464169243001379,1.666739682899788,1.6788532508071512,3063880704,209.52020379097667
LVP_ROBOWM,videos/0067.mp4,cf9d998bbf5ef6c26936e54ebe9d71c6457becf3a56123ec6eee11444235dc58,complete,,False,not_selected,,complete,,direct,49,0,0.0,49,0.0796,A (Physical Realism) - physically consistent and tight,0.0257,0.1602,0.0262,0.0,1.0,complete,,direct,49,0,0.0,49,0.2723,B (Minor Jitter) - slight geometric jitter,0.4386,0.2303,0.0236,0.2985,1.0,complete,,direct,49,0,0.0,49,0.3107,C (Obvious Distortion) - obvious perspective illusion or foot sliding,0.6015,0.1429,0.0649,0.0,1.0,complete,,direct,49,0,0.0,49,0.2129,B (Minor Jitter) - slight geometric jitter,0.2394,0.287,0.0116,0.2595,1.0,complete,,direct,49,0,0.0,49,0.1235,B (Minor Jitter) - slight geometric jitter,0.1093,0.1856,0.0278,0.6671,1.0,complete,,direct,49,0,0.0,49,0.5276,C (Obvious Distortion) - obvious perspective illusion or foot sliding,0.8088,0.4705,0.0795,0.9334,1.0,139.01299229101278,1.1841171049745753,0.8797841720515862,1.5416753509780392,1.552304879995063,3063880704,145.88339365599677
